"game","hand","hand_position","user_name","card_sequence","value_won","board","all_in_action_street","action_pre_flop","value_action_pre_flop","action_flop","value_action_flop","action_turn","value_action_turn","action_river","value_action_river","bb","street_ended","show_down","level"
"2655675429   ","202713458879 ",2,zloipitbull2212,"9c 9s",,,PRE_FLOP,CALL,4660,,,,,,,61,RIVER,true,5
"2655675429   ","202713458879 ",2,wmaduro,Ts Tc,10170,,PRE_FLOP,RAISE,4900,,,,,,,61,RIVER,true,5
"2655675429   ","202713495834 ",5,wmaduro,As Ah,6868,,PRE_FLOP,RAISE,10140,,,,,,,127,RIVER,true,5
"2655675429   ","202713495834 ",5,DeanoGH,Qd Qs,,,PRE_FLOP,CALL,4293,,,,,,,56,RIVER,true,5
"2655675429   ","202713495834 ",5,coldblood244,Kd Kh,,,PRE_FLOP,CALL,1086,,,,,,,24,RIVER,true,5
"2655675429   ","202713582897 ",12,mudri93,"9d 9h",,,TURN,CALL,420,BET,1620,BET,10732,,,109,RIVER,true,7
"2655675429   ","202713582897 ",12,Gedakas,Ad As,17004,,TURN,RAISE,660,CALL,1620,CALL,6072,,,70,RIVER,true,7
"2655675429   ","202713601090 ",14,mudri93,Jh Qd,9170,,RIVER,CALL,216,CALL,491,CALL,1100,BET,2643,38,RIVER,true,7
"2655675429   ","202713601090 ",14,crozzertron,Ac 2c,,,RIVER,RAISE,276,BET,491,BET,1100,CALL,2598,37,RIVER,true,7
"2655675429   ","202713621320 ",16,tsh909,As Jh,,,FLOP,RAISE,840,CALL,2079,,,,,39,RIVER,true,7
"2655675429   ","202713621320 ",16,Fimo58,Kh Ac,8064,,FLOP,CALL,600,RAISE,3102,,,,,33,RIVER,true,7
"2655675429   ","202713639048 ",18,dcurvo,Qh Ah,,,PRE_FLOP,CALL,276,,,,,,,33,RIVER,true,8
"2655675429   ","202713639048 ",18,tsh909,Qd Tc,1557,,PRE_FLOP,RAISE,576,,,,,,,4,RIVER,true,8
"2655675429   ","202713679019 ",22,mudri93,As 8s,3209,,PRE_FLOP,CALL,1327,,,,,,,56,RIVER,true,8
"2655675429   ","202713679019 ",22,tsh909,"5h 5c",,,PRE_FLOP,RAISE,1477,,,,,,,10,RIVER,true,8
"2655675429   ","202713685351 ",23,AndyonCrack,Ah Ac,11043,,PRE_FLOP,RAISE,5254,,,,,,,35,RIVER,true,8
"2655675429   ","202713685351 ",23,Fimo58,Qs Qd,,,PRE_FLOP,CALL,4504,,,,,,,56,RIVER,true,8
"2655675429   ","202713807862 ",28,Gedakas,Js Ah,8321,,TURN,CALL,300,CALL,400,CALL,2648,,,79,RIVER,true,9
"2655675429   ","202713807862 ",28,chtis_o_hare,Ts Ac,,,TURN,RAISE,400,BET,400,RAISE,2948,,,19,RIVER,true,9
"2655675429   ","202713878874 ",33,BvBcel,Js Ah,,,PRE_FLOP,CALL,4160,,,,,,,18,RIVER,true,10
"2655675429   ","202713878874 ",33,ajlr01,Ad As,9465,,PRE_FLOP,RAISE,4410,,,,,,,18,RIVER,true,10
"2655675429   ","202713886110 ",34,Sebsssx,"7s As",370,,PRE_FLOP,RAISE,875,,,,,,,29,RIVER,true,10
"2655675429   ","202713886110 ",34,BvBcel,"6s Qc",465,,PRE_FLOP,CALL,65,,,,,,,0,RIVER,true,10
"2655675429   ","202713900023 ",35,BvBcel,Qh 4h,,,PRE_FLOP,CALL,185,,,,,,,2,RIVER,true,10
"2655675429   ","202713900023 ",35,AndyonCrack,Kh Ad,1265,,PRE_FLOP,RAISE,625,,,,,,,48,RIVER,true,10
"2655675429   ","202713911009 ",36,AndyonCrack,As Kc,,,PRE_FLOP,CALL,6924,,,,,,,43,RIVER,true,11
"2655675429   ","202713911009 ",36,kelvin_180,Jd Ac,16150,,PRE_FLOP,RAISE,7690,,,,,,,26,RIVER,true,11
"2655675429   ","202713945270 ",39,wmaduro,"7h Ah",2160,,PRE_FLOP,CALL,360,CHECK,0,CHECK,0,CHECK,0,58,RIVER,true,11
"2655675429   ","202713945270 ",39,kelvin_180,Js Qd,,,PRE_FLOP,RAISE,660,CHECK,0,CHECK,0,CHECK,0,54,RIVER,true,11
"2655675429   ","202713945270 ",39,Fimo58,Kh 7s,,,PRE_FLOP,CALL,550,,,,,,,2,RIVER,true,11
"2655675429   ","202714919652 ",121,spq01111,"6d Kh",36995,,PRE_FLOP,CALL,13955,,,,,,,16,RIVER,true,23
"2655675429   ","202714919652 ",121,LeVitez,Jd As,,,PRE_FLOP,RAISE,16455,,,,,,,7,RIVER,true,23
"2655675429   ","202714931358 ",122,franoyarce,Ks Qh,,,PRE_FLOP,RAISE,13749,,,,,,,6,RIVER,true,23
"2655675429   ","202714931358 ",122,wmaduro,Js As,31268,,PRE_FLOP,CALL,6249,,,,,,,25,RIVER,true,23
"2655675429   ","202715021825 ",131,hylde123,Ac 9c,,,PRE_FLOP,RAISE,15031,,,,,,,5,RIVER,true,24
"2655675429   ","202715021825 ",131,vhannevik,Ah Qc,37562,,PRE_FLOP,RAISE,30000,,,,,,,33,RIVER,true,24
"2655675429   ","202715050869 ",133,Gedakas,Kc Qc,87141,,FLOP,CALL,3500,RAISE,59173,,,,,22,RIVER,true,25
"2655675429   ","202715050869 ",133,spq01111,"9d Ah",,,FLOP,RAISE,7000,CALL,24845,,,,,12,RIVER,true,25
"2655675429   ","202715116075 ",140,Gedakas,"2h Kd",,,FLOP,CALL,3500,RAISE,50524,,,,,36,RIVER,true,25
"2655675429   ","202715116075 ",140,"09city",Ah Ad,104703,,FLOP,RAISE,7000,CALL,35989,,,,,14,RIVER,true,25
"2655675429   ","202715142286 ",143,"09city","9c 9h",156352,,PRE_FLOP,CALL,64926,,,,,,,26,RIVER,true,26
"2655675429   ","202715142286 ",143,Gedakas,"7h 7c",,,PRE_FLOP,RAISE,72926,,,,,,,18,RIVER,true,26
"2655675429   ","202715152260 ",144,zhizhinator,"9h 9d",,,PRE_FLOP,RAISE,69524,,,,,,,18,RIVER,true,26
"2655675429   ","202715152260 ",144,sx84,Jd Js,127606,,PRE_FLOP,RAISE,57803,,,,,,,15,RIVER,true,26
"2655675429   ","202715160786 ",145,"09city","6h Tc",,,PRE_FLOP,CALL,7221,,,,,,,47,RIVER,true,26
"2655675429   ","202715160786 ",145,zhizhinator,Ah 4c,28442,,PRE_FLOP,RAISE,11221,,,,,,,3,RIVER,true,26
"2655675429   ","202715197105 ",150,zhizhinator,Tc Kh,,,PRE_FLOP,RAISE,25942,,,,,,,7,RIVER,true,26
"2655675429   ","202715197105 ",150,sx84,Ac Jd,61884,,PRE_FLOP,RAISE,118606,,,,,,,30,RIVER,true,26
"2655675429   ","202715208002 ",151,wmaduro,Ks 7h,14375,,PRE_FLOP,RAISE,57073,,,,,,,12,PRE_FLOP,false,27
"2655675429   ","202715216948 ",152,vhannevik,Qd Ad,,,PRE_FLOP,CALL,53603,,,,,,,20,RIVER,true,27
"2655675429   ","202715216948 ",152,wmaduro,Jc Jh,143521,,PRE_FLOP,RAISE,65823,,,,,,,13,RIVER,true,27
"2655675429   ","202715231524 ",154,raulnsr,Ad 6h,,,PRE_FLOP,RAISE,68950,,,,,,,14,RIVER,true,27
"2655675429   ","202715231524 ",154,"09city",Qd Ah,149775,,PRE_FLOP,CALL,68950,,,,,,,34,RIVER,true,27
"2655675429   ","202715277403 ",159,Never Locked,"9h 9s",,,PRE_FLOP,CALL,1092,,,,,,,6,RIVER,true,27
"2655675429   ","202715302973 ",162,bochkinn,"8c Ad",,,PRE_FLOP,RAISE,61051,,,,,,,10,RIVER,true,28
"2655675429   ","202715334295 ",166,iamandi19161,Kd Ad,,,PRE_FLOP,RAISE,44130,,,,,,,37,RIVER,true,28
"2655675429   ","202715334295 ",166,dastooo,Qc Th,6658,,PRE_FLOP,CALL,22394,,,,,,,5,RIVER,true,28
"2655675429   ","202715334295 ",166,Bboy5595,Ac Ts,80445,,PRE_FLOP,RAISE,25065,,,,,,,4,RIVER,true,28
"2655675429   ","202715344057 ",167,dastooo,Qd 4c,,,PRE_FLOP,CALL,2908,,,,,,,1,RIVER,true,28
"2655675429   ","202715344057 ",167,"09city",As Ah,22974,,PRE_FLOP,RAISE,12000,,,,,,,38,RIVER,true,28
"2655675429   ","202715411750 ",175,Mnt_Crst,Ac 6c,,,PRE_FLOP,RAISE,34626,,,,,,,5,RIVER,true,29
"2655675429   ","202715411750 ",175,iamandi19161,Jc 8c,,,PRE_FLOP,CALL,3203,,,,,,,30,RIVER,true,29
"2655675429   ","202715411750 ",175,tutinas75,"9s 9d",122253,,PRE_FLOP,RAISE,37829,,,,,,,6,RIVER,true,29
"2655675429   ","202715468231 ",181,HUsge12,As Qh,211006,,PRE_FLOP,CALL,91503,,,,,,,43,RIVER,true,30
"2655675429   ","202715468231 ",181,alihan.sh.10,"9s 9d",,,PRE_FLOP,RAISE,99503,,,,,,,13,RIVER,true,30
"2655675429   ","202715586566 ",185,iamandi19161,Jh Ac,,,PRE_FLOP,RAISE,179928,,,,,,,23,RIVER,true,30
"2655675429   ","202715586566 ",185,HUsge12,Qd Qs,370856,,PRE_FLOP,CALL,162328,,,,,,,58,RIVER,true,30
"2655675429   ","202715677622 ",196,wmaduro,Ks Td,27500,,PRE_FLOP,RAISE,132474,,,,,,,13,PRE_FLOP,false,31
"2655675429   ","202715698758 ",201,wmaduro,Jh Jc,219468,,PRE_FLOP,CALL,93484,,,,,,,14,RIVER,true,31
"2655675429   ","202715698758 ",201,tutinas75,Jd Ks,,,PRE_FLOP,RAISE,103484,,,,,,,10,RIVER,true,31
"2655675429   ","202715704662 ",202,wmaduro,Qd 2s,,,FLOP,RAISE,30000,FOLD,0,,,,,22,FLOP,false,32
"2655675429   ","202715733172 ",205,wmaduro,As Th,,,TURN,RAISE,34000,CALL,24000,RAISE,142900,,,17,RIVER,true,32
"2655675429   ","202715733172 ",205,"09city",Ac Jh,427300,,TURN,CALL,34000,BET,24000,CALL,70900,,,20,RIVER,true,32
"2655675658   ","202736248593 ",6,adricarlan,Qs 7s,4964,,FLOP,CALL,400,CALL,1732,,,,,12,RIVER,true,9
"2655675658   ","202736248593 ",6,tomcallaerts1,Kd Ks,,,FLOP,RAISE,600,BET,2000,,,,,77,RIVER,true,9
"2655675658   ","202736270213 ",7,adricarlan,"8d Ac",,,PRE_FLOP,RAISE,4875,,,,,,,20,RIVER,true,10
"2655675658   ","202736270213 ",7,sionnnnn,"2s Ah",3544,,PRE_FLOP,CALL,1262,,,,,,,6,RIVER,true,10
"2655675658   ","202736292491 ",8,tomcallaerts1,Td Ks,,,FLOP,RAISE,500,CALL,690,,,,,52,RIVER,true,10
"2655675658   ","202736292491 ",8,hotrodjodi6969,Qd Kc,11650,,FLOP,CALL,500,RAISE,4440,,,,,20,RIVER,true,10
"2655675658   ","202736377302 ",12,hotrodjodi6969,Td Tc,,,PRE_FLOP,RAISE,8972,,,,,,,45,RIVER,true,10
"2655675658   ","202736377302 ",12,johannn sous,"3s As",4752,,PRE_FLOP,CALL,869,,,,,,,6,RIVER,true,10
"2655675658   ","202736377302 ",12,BejausmisPN,Qd Ah,6734,,PRE_FLOP,RAISE,4736,,,,,,,19,RIVER,true,10
"2655675658   ","202736399565 ",13,wmaduro,"4c 4h",,,FLOP,CALL,125,FOLD,0,,,,,19,RIVER,true,10
"2655675658   ","202736399565 ",13,tomcallaerts1,"8c 9s",,,FLOP,CALL,250,CALL,1999,,,,,30,RIVER,true,10
"2655675658   ","202736399565 ",13,sionnnnn,Kh Kc,7788,,FLOP,CALL,250,RAISE,3134,,,,,14,RIVER,true,10
"2655675658   ","202736585469 ",24,Ildar Russia,"7s 8s",,,FLOP,RAISE,800,BET,6889,,,,,19,RIVER,true,12
"2655675658   ","202736585469 ",24,hotrodjodi6969,Qc 8d,8678,,FLOP,CALL,800,CALL,2314,,,,,8,RIVER,true,12
"2655675658   ","202736627018 ",27,Ildar Russia,Ac 9c,,,PRE_FLOP,RAISE,4425,,,,,,,11,RIVER,true,12
"2655675658   ","202736627018 ",27,johannn sous,Jd As,9900,,PRE_FLOP,RAISE,7612,,,,,,,19,RIVER,true,12
"2655675658   ","202736680698 ",30,wmaduro,"3c Ad",,,PRE_FLOP,CALL,745,,,,,,,3,RIVER,true,12
"2655675658   ","202736680698 ",30,NHalabardzie,Ts Ah,3820,,PRE_FLOP,RAISE,2400,,,,,,,23,RIVER,true,12
"2655675692   ","202677416607 ",1,ROD_TIAGO,Kc Qs,,,PRE_FLOP,CALL,175,BET,887,,,,,111,RIVER,true,4
"2655675692   ","202677416607 ",1,MarkoR1,Ah As,1330,,PRE_FLOP,RAISE,307,,,,,,,5,RIVER,true,4
"2655675692   ","202677638761 ",9,topetersons,"5h 5c",4406,,PRE_FLOP,CALL,1980,,,,,,,47,RIVER,true,6
"2655675692   ","202677638761 ",9,KKKhamzAAA,"9d Ah",,,PRE_FLOP,RAISE,2080,,,,,,,21,RIVER,true,6
"2655675692   ","202678022658 ",25,FMFAME223,"8c Ac",,,PRE_FLOP,CALL,3736,,,,,,,20,RIVER,true,9
"2655675692   ","202678022658 ",25,JowAK888,"7c 7d",8197,,PRE_FLOP,RAISE,3970,,,,,,,20,RIVER,true,9
"2655675692   ","202678087152 ",30,OmeasOO99,Ah Td,9941,,TURN,CALL,750,CHECK,0,CALL,1003,,,19,RIVER,true,10
"2655675692   ","202678087152 ",30,"69-AK-Fly",Ac Js,,,TURN,RAISE,1000,CHECK,0,RAISE,3970,,,20,RIVER,true,10
"2655675692   ","202678104295 ",31,MaxBesthand,Tc 9c,1438,,FLOP,CALL,167,RAISE,4620,,,,,20,RIVER,true,10
"2655675692   ","202678104295 ",31,"69-AK-Fly","2h 2s",,,PRE_FLOP,RAISE,292,,,,,,,1,RIVER,true,10
"2655675692   ","202678104295 ",31,Dash-M65,Kc 7c,,,FLOP,CALL,292,CALL,3671,,,,,18,RIVER,true,10
"2655675692   ","202678128270 ",32,wagnerjsilva,Kd Jd,,,TURN,CALL,1500,CHECK,0,BET,3844,,,23,RIVER,true,10
"2655675692   ","202678128270 ",32,Poker_SP127,Ah 9h,18147,,TURN,CALL,1500,CHECK,0,RAISE,8102,,,41,RIVER,true,10
"2655675692   ","202678128270 ",32,MaxBesthand,Ad Qc,,,TURN,RAISE,2000,CHECK,0,CALL,8102,,,41,RIVER,true,10
"2655675692   ","202678147155 ",33,OmeasOO99,Qc Qh,580,,PRE_FLOP,RAISE,1325,CALL,1250,CHECK,0,CHECK,0,39,RIVER,true,10
"2655675692   ","202678147155 ",33,Poker_SP127,Tc Kd,,,PRE_FLOP,CALL,1075,BET,1250,CHECK,0,CHECK,0,107,RIVER,true,10
"2655675692   ","202678147155 ",33,MaxBesthand,Qd 7d,,,PRE_FLOP,CALL,85,,,,,,,0,RIVER,true,10
"2655675692   ","202678164020 ",34,Alomcsapda25,"6s Qh",,,FLOP,CALL,2550,CALL,1680,,,,,16,RIVER,true,11
"2655675692   ","202678164020 ",34,vanana88,Kc Kd,10640,,FLOP,RAISE,2700,RAISE,2518,,,,,18,RIVER,true,11
"2655675692   ","202678257400 ",41,manu154862,Ks Qd,11810,,FLOP,CALL,680,CALL,1990,,,,,14,RIVER,true,12
"2655675692   ","202678257400 ",41,Jhow.Jurgens,"8d Ts",,,FLOP,RAISE,880,RAISE,5220,,,,,32,RIVER,true,12
"2655675692   ","202678271118 ",42,DetPruf,"8c 8d",,,PRE_FLOP,CALL,675,,,,,,,2,RIVER,true,12
"2655675692   ","202678271118 ",42,Poker_SP127,"9d Td",,,TURN,CALL,480,CALL,1308,BET,5000,,,58,RIVER,true,12
"2655675692   ","202678271118 ",42,topetersons,Kc Tc,3950,,TURN,RAISE,880,BET,1308,CALL,4967,,,18,RIVER,true,12
"2655675692   ","202678304567 ",43,wmaduro,"9s 7s",1450,,PRE_FLOP,RAISE,918,,,,,,,2,PRE_FLOP,false,12
"2655675692   ","202678318624 ",44,DaTree,Jc As,3925,,PRE_FLOP,RAISE,7759,,,,,,,16,RIVER,true,13
"2655675692   ","202678318624 ",44,petrosant,"4s 4c",,,PRE_FLOP,CALL,1295,,,,,,,3,RIVER,true,13
"2655675692   ","202678349703 ",47,wmaduro,"7c Tc",,,PRE_FLOP,RAISE,958,,,,,,,2,RIVER,true,13
"2655675692   ","202678349703 ",47,krosty23,Td Qs,3186,,PRE_FLOP,RAISE,2814,,,,,,,6,RIVER,true,13
"2655676586   ","202712881817 ",1,guliverpro,Kc Ts,,,TURN,CALL,400,CALL,1815,CALL,4465,,,35,RIVER,true,4
"2655676586   ","202712881817 ",1,wmaduro,"2c 2s",21260,,TURN,CALL,400,CALL,1815,CALL,7545,,,50,RIVER,true,4
"2655676586   ","202712881817 ",1,chewy623,Tc Ac,,,TURN,RAISE,600,BET,1815,BET,17505,,,100,RIVER,true,4
"2655676586   ","202713008196 ",7,PyChenKo,Jd Ac,,,PRE_FLOP,RAISE,4900,,,,,,,12,RIVER,true,6
"2655676586   ","202713008196 ",7,pasha1980138,Kd As,10760,,PRE_FLOP,CALL,4000,,,,,,,30,RIVER,true,6
"2655676586   ","202713015151 ",8,pasha1980138,Ad As,,,PRE_FLOP,RAISE,17757,,,,,,,45,RIVER,true,6
"2655676586   ","202713015151 ",8,UserKENT_N8,Ts 9s,28460,,PRE_FLOP,CALL,9020,,,,,,,25,RIVER,true,6
"2655676586   ","202713015151 ",8,RuslanIbragimov,Tc Td,,,PRE_FLOP,RAISE,9100,,,,,,,23,RIVER,true,6
"2655676586   ","202713021882 ",9,wmaduro,Jd Ah,2960,,TURN,CALL,400,CHECK,0,BET,25620,,,66,TURN,false,6
"2655676586   ","202713044093 ",13,art8mac,Ac Qh,14494,,PRE_FLOP,CALL,6017,,,,,,,18,RIVER,true,7
"2655676586   ","202713044093 ",13,pasha1980138,"5s As",,,PRE_FLOP,RAISE,6617,,,,,,,11,RIVER,true,7
"2655676586   ","202713062870 ",17,misral4,"8s 8c",,,PRE_FLOP,CALL,5108,,,,,,,9,RIVER,true,7
"2655676586   ","202713062870 ",17,art8mac,As 6c,12256,,PRE_FLOP,RAISE,17637,,,,,,,30,RIVER,true,7
"2655676586   ","202713078407 ",20,NiRQu,"5h 5c",,,PRE_FLOP,RAISE,11080,,,,,,,14,RIVER,true,8
"2655676586   ","202713078407 ",20,art8mac,Th Jd,23280,,PRE_FLOP,CALL,10280,,,,,,,30,RIVER,true,8
"2655676586   ","202713084905 ",21,DFX694,Ad Kh,,,PRE_FLOP,CALL,10060,,,,,,,16,RIVER,true,8
"2655676586   ","202713084905 ",21,art8mac,Ks Qd,27080,,PRE_FLOP,RAISE,36045,,,,,,,45,RIVER,true,8
"2655676586   ","202713090707 ",22,plonergan,"9h Ad",15364,,PRE_FLOP,RAISE,6522,,,,,,,8,RIVER,true,8
"2655676586   ","202713090707 ",22,art8mac,"8h 8d",,,PRE_FLOP,RAISE,50505,,,,,,,63,RIVER,true,8
"2655676586   ","202713114782 ",25,Leera17,Qs Qh,15480,,PRE_FLOP,RAISE,6440,,,,,,,7,RIVER,true,9
"2655676586   ","202713114782 ",25,art8mac,As 2d,,,PRE_FLOP,CALL,4440,,,,,,,44,RIVER,true,9
"2655676586   ","202713135769 ",28,Dealer034,"4s 4d",32860,,PRE_FLOP,CALL,9880,,,,,,,17,RIVER,true,9
"2655676586   ","202713135769 ",28,Leera17,Td Ah,,,PRE_FLOP,RAISE,14880,,,,,,,15,RIVER,true,9
"2655676586   ","202713143057 ",29,schockodoc,Tc Jc,,,PRE_FLOP,RAISE,19335,,,,,,,16,RIVER,true,10
"2655676586   ","202713143057 ",29,L_E_X_102ru,Jd Js,,,PRE_FLOP,RAISE,26111,,,,,,,22,RIVER,true,10
"2655676586   ","202713143057 ",29,art8mac,As Ac,59685,,PRE_FLOP,CALL,23711,,,,,,,32,RIVER,true,10
"2655676586   ","202713182672 ",34,ALIY21031962,"3h Ad",2820,,PRE_FLOP,CHECK,0,CHECK,0,CALL,1200,CHECK,0,34,RIVER,true,10
"2655676586   ","202713182672 ",34,BIROTSHENKO,Kc Ks,5730,,PRE_FLOP,CALL,990,,,,,,,1,RIVER,true,10
"2655676586   ","202713182672 ",34,prosto_sayan,Kh 6h,,,PRE_FLOP,CALL,1200,CHECK,0,BET,1200,CHECK,0,6,RIVER,true,10
"2655676586   ","202713229764 ",39,ALIY21031962,"2h 2c",7450,,PRE_FLOP,RAISE,4000,BET,2000,,,,,20,RIVER,true,12
"2655676586   ","202713229764 ",39,BIROTSHENKO,Qd Js,,,PRE_FLOP,CALL,850,,,,,,,1,RIVER,true,12
"2655676586   ","202713265540 ",42,wmaduro,Jd Js,53060,,PRE_FLOP,RAISE,21580,,,,,,,7,RIVER,true,13
"2655676586   ","202713265540 ",42,k4t4r1k333,"5s 5d",,,PRE_FLOP,RAISE,59998,,,,,,,20,RIVER,true,13
"2655676586   ","202713273921 ",43,art8mac,Ad Kh,84936,,PRE_FLOP,CALL,22818,,,,,,,23,RIVER,true,13
"2655676586   ","202713273921 ",43,k4t4r1k333,Jd Ac,,,PRE_FLOP,RAISE,37818,,,,,,,13,RIVER,true,13
"2655676586   ","202713282525 ",44,UserKENT_N8,"9d 9c",78388,,PRE_FLOP,RAISE,36344,,,,,,,12,RIVER,true,13
"2655676586   ","202713282525 ",44,art8mac,Kh Qc,,,PRE_FLOP,CALL,30344,,,,,,,38,RIVER,true,13
"2655676586   ","202713288518 ",45,art8mac,Ac 2c,85412,,FLOP,RAISE,23700,CALL,7156,,,,,26,RIVER,true,13
"2655676586   ","202713288518 ",45,plonergan,"7h 7d",,,FLOP,CALL,17700,RAISE,16156,,,,,13,RIVER,true,13
"2655676586   ","202713297853 ",46,Eldiablo-kz,Js 2s,,,PRE_FLOP,CALL,11400,,,,,,,4,RIVER,true,14
"2655676586   ","202713297853 ",46,Felipe/Joaquin,"9h 9d",,,PRE_FLOP,RAISE,6526,,,,,,,2,RIVER,true,14
"2655676586   ","202713297853 ",46,wmaduro,Jh Jd,26378,,PRE_FLOP,RAISE,45960,,,,,,,12,RIVER,true,14
"2655676586   ","202713328671 ",50,camberas,Qd 8d,,,PRE_FLOP,CALL,6480,,,,,,,3,RIVER,true,14
"2655676586   ","202713328671 ",50,Kròut ak47,Kh 6h,,,PRE_FLOP,RAISE,19366,,,,,,,5,RIVER,true,14
"2655676586   ","202713328671 ",50,ALIY21031962,"9s As",40640,,PRE_FLOP,RAISE,34732,,,,,,,17,RIVER,true,14
"2655676586   ","202713335363 ",51,krokogic,"7c Ad",47690,,PRE_FLOP,RAISE,19645,,,,,,,3,RIVER,true,15
"2655676586   ","202713335363 ",51,art8mac,"3s 8h",,,PRE_FLOP,CALL,13645,,,,,,,22,RIVER,true,15
"2655676586   ","202713341551 ",52,art8mac,"9d 2h",,,PRE_FLOP,CALL,27270,,,,,,,18,RIVER,true,15
"2655676586   ","202713341551 ",52,Dealer034,Qh Jc,115740,,PRE_FLOP,RAISE,53670,,,,,,,9,RIVER,true,15
"2655676586   ","202713351210 ",54,wmaduro,Ac Ad,,,PRE_FLOP,CALL,39921,,,,,,,10,RIVER,true,15
"2655676586   ","202713351210 ",54,art8mac,Kh Js,121242,,PRE_FLOP,RAISE,51921,,,,,,,9,RIVER,true,15
"2655676586   ","202713265540 ",42,wmaduro,Jd Js,53060,,PRE_FLOP,RAISE,21580,,,,,,,7,RIVER,true,13
"2655676586   ","202713265540 ",42,k4t4r1k333,"5s 5d",,,PRE_FLOP,RAISE,59998,,,,,,,20,RIVER,true,13
"2655676586   ","202713273921 ",43,art8mac,Ad Kh,84936,,PRE_FLOP,CALL,22818,,,,,,,23,RIVER,true,13
"2655676586   ","202713273921 ",43,k4t4r1k333,Jd Ac,,,PRE_FLOP,RAISE,37818,,,,,,,13,RIVER,true,13
"2655676586   ","202713282525 ",44,UserKENT_N8,"9d 9c",78388,,PRE_FLOP,RAISE,36344,,,,,,,12,RIVER,true,13
"2655676586   ","202713282525 ",44,art8mac,Kh Qc,,,PRE_FLOP,CALL,30344,,,,,,,38,RIVER,true,13
"2655676586   ","202713288518 ",45,art8mac,Ac 2c,85412,,FLOP,RAISE,23700,CALL,7156,,,,,26,RIVER,true,13
"2655676586   ","202713288518 ",45,plonergan,"7h 7d",,,FLOP,CALL,17700,RAISE,16156,,,,,13,RIVER,true,13
"2655676586   ","202713297853 ",46,Eldiablo-kz,Js 2s,,,PRE_FLOP,CALL,11400,,,,,,,4,RIVER,true,14
"2655676586   ","202713297853 ",46,Felipe/Joaquin,"9h 9d",,,PRE_FLOP,RAISE,6526,,,,,,,2,RIVER,true,14
"2655676586   ","202713297853 ",46,wmaduro,Jh Jd,26378,,PRE_FLOP,RAISE,45960,,,,,,,12,RIVER,true,14
"2655676586   ","202713328671 ",50,camberas,Qd 8d,,,PRE_FLOP,CALL,6480,,,,,,,3,RIVER,true,14
"2655676586   ","202713328671 ",50,Kròut ak47,Kh 6h,,,PRE_FLOP,RAISE,19366,,,,,,,5,RIVER,true,14
"2655676586   ","202713328671 ",50,ALIY21031962,"9s As",40640,,PRE_FLOP,RAISE,34732,,,,,,,17,RIVER,true,14
"2655676586   ","202713335363 ",51,krokogic,"7c Ad",47690,,PRE_FLOP,RAISE,19645,,,,,,,3,RIVER,true,15
"2655676586   ","202713335363 ",51,art8mac,"3s 8h",,,PRE_FLOP,CALL,13645,,,,,,,22,RIVER,true,15
"2655676586   ","202713341551 ",52,art8mac,"9d 2h",,,PRE_FLOP,CALL,27270,,,,,,,18,RIVER,true,15
"2655676586   ","202713341551 ",52,Dealer034,Qh Jc,115740,,PRE_FLOP,RAISE,53670,,,,,,,9,RIVER,true,15
"2655676586   ","202713351210 ",54,wmaduro,Ac Ad,,,PRE_FLOP,CALL,39921,,,,,,,10,RIVER,true,15
"2655676586   ","202713351210 ",54,art8mac,Kh Js,121242,,PRE_FLOP,RAISE,51921,,,,,,,9,RIVER,true,15
"2655676586   ","202713362151 ",56,wmaduro,Ah 2s,,,PRE_FLOP,CALL,365,,,,,,,1,RIVER,true,15
"2655676586   ","202713362151 ",56,art8mac,Tc Ts,,,PRE_FLOP,CALL,18945,,,,,,,20,RIVER,true,15
"2655676586   ","202713362151 ",56,Roma89772,Qs Ks,29295,,PRE_FLOP,RAISE,47145,,,,,,,8,RIVER,true,15
"2658038154   ","202592889652 ",6,Emilida1,Tc Qh,,,PRE_FLOP,CALL,1000,,,,,,,26,RIVER,true,3
"2658038154   ","202592889652 ",6,Donni Brasko 29,Kd Jc,3220,,PRE_FLOP,RAISE,1475,,,,,,,37,RIVER,true,3
"2658038154   ","202592889652 ",6,crash_vi,Jd Ac,,,PRE_FLOP,CALL,1360,,,,,,,34,RIVER,true,3
"2658038154   ","202592921366 ",8,Donni Brasko 29,Th Td,3015,,PRE_FLOP,CALL,1420,,,,,,,86,RIVER,true,4
"2658038154   ","202592921366 ",8,SVAJJ,"7c 7h",,,PRE_FLOP,RAISE,1470,,,,,,,29,RIVER,true,4
"2658038154   ","202592972165 ",12,Mihail Litv,Kc Qc,4190,,FLOP,CALL,360,CALL,640,,,,,30,RIVER,true,5
"2658038154   ","202592972165 ",12,Donni Brasko 29,Ad Ac,,,FLOP,RAISE,540,RAISE,1560,,,,,116,RIVER,true,5
"2658038154   ","202592986260 ",13,wmaduro,Jh Ah,2340,,FLOP,CALL,150,CALL,960,,,,,21,RIVER,true,5
"2658038154   ","202592986260 ",13,romarekPL,Kc As,,,FLOP,RAISE,180,BET,960,,,,,19,RIVER,true,5
"2658038154   ","202593016445 ",14,INTIMS,Ah Td,,,PRE_FLOP,RAISE,4215,,,,,,,53,RIVER,true,6
"2658038154   ","202593016445 ",14,wmaduro,Ks Kh,510,,PRE_FLOP,CALL,2045,,,,,,,31,RIVER,true,6
"2658038154   ","202593016445 ",14,gordeaubult,Ts Jc,7090,,PRE_FLOP,CALL,1790,,,,,,,27,RIVER,true,6
"2658038154   ","202593031364 ",15,INTIMS,Kh Jh,3580,,PRE_FLOP,RAISE,1770,,,,,,,22,RIVER,true,6
"2658038154   ","202593031364 ",15,illya22,Td Ts,,,PRE_FLOP,CALL,1490,,,,,,,29,RIVER,true,6
"2658038154   ","202593040551 ",16,illya22,"3d Ad",,,PRE_FLOP,RAISE,530,,,,,,,7,RIVER,true,6
"2658038154   ","202593040551 ",16,Tommythec75,"8s As",1180,,PRE_FLOP,RAISE,1650,,,,,,,21,RIVER,true,6
"2658038154   ","202593052847 ",17,Grizli335,Kd 6d,7200,,FLOP,CALL,680,CALL,2700,,,,,70,RIVER,true,6
"2658038154   ","202593052847 ",17,INTIMS,Jh Qh,,,FLOP,RAISE,840,BET,2700,,,,,44,RIVER,true,6
"2658038154   ","202593082208 ",20,Grizli335,"5h Qh",,,FLOP,CALL,200,RAISE,4150,,,,,95,RIVER,true,7
"2658038154   ","202593082208 ",20,FEKR777,"7s 4s",9075,,FLOP,CALL,200,CALL,1750,,,,,29,RIVER,true,7
"2658038154   ","202593082208 ",20,"11lenchik11",Qs 9s,,,FLOP,CALL,200,RAISE,2475,,,,,28,RIVER,true,7
"2658038154   ","202593100518 ",21,Tommythec75,"9h Qc",,,PRE_FLOP,RAISE,2200,,,,,,,22,RIVER,true,7
"2658038154   ","202593100518 ",21,wmaduro,"6d 4h",730,,PRE_FLOP,RAISE,210,,,,,,,2,RIVER,true,7
"2658038154   ","202593111081 ",22,Grizli335,Td Ad,4040,,PRE_FLOP,RAISE,2640,,,,,,,56,RIVER,true,8
"2658038154   ","202593111081 ",22,Tommythec75,"9h Kc",,,PRE_FLOP,CALL,1630,,,,,,,17,RIVER,true,8
"2658038154   ","202593197371 ",27,Rusl 909,Th Kc,,,TURN,CALL,200,BET,200,BET,535,,,5,RIVER,true,10
"2658038154   ","202593197371 ",27,Grizli335,"6s Ad",,,TURN,CALL,200,CALL,200,CALL,535,CHECK,0,44,RIVER,true,10
"2658038154   ","202593197371 ",27,the vege,"9c Kh",3285,,TURN,CALL,200,CALL,200,CALL,535,CHECK,0,13,RIVER,true,10
"2658038154   ","202593216690 ",28,wmaduro,Ad 9d,1830,,PRE_FLOP,CALL,390,,,,,,,3,RIVER,true,10
"2658038154   ","202593216690 ",28,Grizli335,Jh Th,820,,PRE_FLOP,CALL,700,,,,,,,39,RIVER,true,10
"2658038154   ","202593216690 ",28,chijara111,Ah 2s,,,PRE_FLOP,RAISE,900,,,,,,,5,RIVER,true,10
"2658038154   ","202593256898 ",31,Trembon,"8h 8d",,,PRE_FLOP,CALL,754,,,,,,,7,RIVER,true,11
"2658038154   ","202593256898 ",31,queental,Qs Qc,5837,,PRE_FLOP,RAISE,3263,,,,,,,13,RIVER,true,11
"2658038154   ","202593256898 ",31,gordeaubult,"9s 6h",,,PRE_FLOP,RAISE,5526,,,,,,,23,RIVER,true,11
"2658038154   ","202593282556 ",34,wiwikps,Ah 7h,,,PRE_FLOP,CALL,2080,,,,,,,14,RIVER,true,11
"2658038154   ","202593282556 ",34,FEKR777,"9d Qc",7610,,PRE_FLOP,RAISE,9565,,,,,,,38,RIVER,true,11
"2658038154   ","202593302503 ",35,wmaduro,"3c 8c",5205,,FLOP,CALL,150,BET,1355,,,,,6,RIVER,true,12
"2658038154   ","202593302503 ",35,Petrovich-95,Ks 9s,60,,FLOP,CHECK,0,RAISE,1385,,,,,6,RIVER,true,12
"2658038154   ","202593302503 ",35,felipe 52490,"8h As",,,FLOP,CALL,300,CALL,1385,,,,,6,RIVER,true,12
"2658038154   ","202593330728 ",38,FEKR777,"2c Ad",,,FLOP,CALL,150,CALL,65,,,,,43,RIVER,true,12
"2658038154   ","202593330728 ",38,kidala410,Qh 5h,1300,,FLOP,CALL,300,BET,65,,,,,1,RIVER,true,12
"2658038154   ","202593348193 ",39,kidala410,Th Tc,,,PRE_FLOP,CALL,860,,,,,,,3,RIVER,true,13
"2658038154   ","202593348193 ",39,FEKR777,Qd Qs,3480,,PRE_FLOP,RAISE,2160,,,,,,,31,RIVER,true,13
"2658038154   ","202593493432 ",43,Grizli335,Ts 7s,,,PRE_FLOP,CALL,1480,,,,,,,13,RIVER,true,14
"2658038154   ","202593493432 ",43,Nanatafa,Qs Qh,6000,,PRE_FLOP,RAISE,2480,,,,,,,5,RIVER,true,14
"2658038154   ","202593533223 ",45,Nanatafa,Kh Jh,,,TURN,CALL,600,CHECK,0,CALL,1770,,,10,RIVER,true,15
"2658038154   ","202593533223 ",45,Grizli335,"7c Th",6120,,TURN,CALL,600,CHECK,0,BET,1770,,,4,RIVER,true,15
"2658038154   ","202593556428 ",46,Nanatafa,As 7d,,,PRE_FLOP,CALL,2860,,,,,,,6,RIVER,true,15
"2658038154   ","202593556428 ",46,Grizli335,Kc Ks,7760,,PRE_FLOP,RAISE,6060,,,,,,,10,RIVER,true,15
"2658038154   ","202593577963 ",48,dikey.sao,Js Ah,,,FLOP,RAISE,2000,CALL,1198,,,,,11,RIVER,true,16
"2658038154   ","202593577963 ",48,KIMSTIR666,"9d 9s",11436,,FLOP,CALL,2000,RAISE,2798,,,,,6,RIVER,true,16
"2658038154   ","202593590655 ",49,slavatsatur,"4c Ac",8120,,PRE_FLOP,CALL,2740,,,,,,,16,RIVER,true,16
"2658038154   ","202593590655 ",49,dikey.sao,Tc Qc,,,PRE_FLOP,RAISE,3540,,,,,,,5,RIVER,true,16
"2658038154   ","202593600833 ",50,KIMSTIR666,"9h Ad",,,PRE_FLOP,CALL,1825,,,,,,,14,RIVER,true,16
"2658038154   ","202593600833 ",50,wmaduro,Qd Kh,7010,,PRE_FLOP,RAISE,2625,,,,,,,3,RIVER,true,16
"2658038154   ","202593610295 ",51,Grizli335,Ah As,15917,,PRE_FLOP,RAISE,9180,,,,,,,12,RIVER,true,16
"2658038154   ","202593610295 ",51,KIMSTIR666,"7c 7h",,,PRE_FLOP,CALL,7771,,,,,,,11,RIVER,true,16
"2658038154   ","202593618493 ",52,metrec,"6s 6c",9371,,PRE_FLOP,RAISE,2537,,,,,,,3,RIVER,true,16
"2658038154   ","202593618493 ",52,FEKR777,"4d Ac",,,PRE_FLOP,CALL,2537,CHECK,0,CHECK,0,CHECK,0,23,RIVER,true,16
"2658038154   ","202593618493 ",52,Grizli335,"9d Ah",,,PRE_FLOP,CALL,2537,CHECK,0,CHECK,0,CHECK,0,21,RIVER,true,16
"2658038154   ","202593637276 ",53,wmaduro,Qc 5h,2800,,PRE_FLOP,RAISE,6750,,,,,,,7,PRE_FLOP,false,17
"2658038154   ","202593654237 ",55,slavatsatur,Ts Ac,32596,,PRE_FLOP,CALL,11348,,,,,,,16,RIVER,true,17
"2658038154   ","202593654237 ",55,FEKR777,"9h Td",,,PRE_FLOP,RAISE,17643,,,,,,,18,RIVER,true,17
"2658038154   ","202593666588 ",56,FEKR777,Ts 3d,5590,,FLOP,CHECK,0,BET,895,,,,,2,RIVER,true,17
"2658038154   ","202593666588 ",56,Grizli335,As 5d,,,FLOP,CALL,1000,CALL,895,,,,,14,RIVER,true,17
"2658038154   ","202593700249 ",59,slavatsatur,Kd Ac,,,PRE_FLOP,RAISE,39296,,,,,,,33,RIVER,true,18
"2658038154   ","202593700249 ",59,FEKR777,"5c Ks",4140,,PRE_FLOP,CALL,3430,,,,,,,3,RIVER,true,18
"2658038154   ","202593724902 ",60,Yakofff_KA,"9s Kd",10262,,FLOP,CALL,1400,BET,1421,,,,,3,RIVER,true,19
"2658038154   ","202593724902 ",60,slavatsatur,Ah 7d,,,FLOP,RAISE,2800,CALL,1421,,,,,26,RIVER,true,19
"2658038154   ","202593743638 ",61,wmaduro,"4s 9d",3920,,FLOP,CHECK,0,BET,5710,,,,,5,FLOP,false,19
"2658038154   ","202593799481 ",64,FEKR777,Ts Tc,19020,,PRE_FLOP,RAISE,8620,,,,,,,5,RIVER,true,20
"2658038154   ","202593799481 ",64,wmaduro,Jc Ac,,,PRE_FLOP,CALL,3670,,,,,,,5,RIVER,true,20
"2658051182   ","202596662325 ",1,MARAT1983886,"8s 7d",,,FLOP,CALL,265,BET,1175,,,,,30,RIVER,true,1
"2658051182   ","202596662325 ",1,Protean1000,Ts Ah,3145,,FLOP,RAISE,315,CALL,1175,,,,,30,RIVER,true,1
"2658051182   ","202596895970 ",7,missilsi,Ts Jd,3600,,FLOP,CALL,100,CALL,1185,,,,,14,RIVER,true,2
"2658051182   ","202596895970 ",7,street_scream7,Ad Js,,,FLOP,RAISE,200,BET,1800,,,,,20,RIVER,true,2
"2658051182   ","202596955734 ",9,missilsi,Ah Kh,,,PRE_FLOP,CALL,1156,,,,,,,35,RIVER,true,2
"2658051182   ","202596955734 ",9,v4vagos,"3s Kc",2692,,PRE_FLOP,RAISE,1206,,,,,,,12,RIVER,true,2
"2658051182   ","202596966338 ",10,street_scream7,Ah Td,,,PRE_FLOP,CALL,455,,,,,,,6,RIVER,true,2
"2658051182   ","202596966338 ",10,Protean1000,Ad 4c,,,FLOP,RAISE,610,CALL,1624,,,,,27,RIVER,true,2
"2658051182   ","202596966338 ",10,missilsi,"8c 8s",1975,,FLOP,CALL,610,BET,1624,,,,,23,RIVER,true,2
"2658051182   ","202596994253 ",11,pawoj52,Qs 9c,,,PRE_FLOP,CALL,685,,,,,,,5,RIVER,true,3
"2658051182   ","202596994253 ",11,missilsi,Qd Qh,2590,,PRE_FLOP,RAISE,5293,,,,,,,27,RIVER,true,3
"2658051182   ","202597008179 ",12,Protean1000,Th Ks,,,PRE_FLOP,CALL,291,,,,,,,2,RIVER,true,3
"2658051182   ","202597008179 ",12,v4vagos,Qs Ah,1262,,PRE_FLOP,RAISE,2192,,,,,,,11,RIVER,true,3
"2658051182   ","202597068899 ",15,BOB4UKPRO,Qh Kh,1280,,PRE_FLOP,RAISE,1005,,,,,,,3,RIVER,true,4
"2658051182   ","202597080178 ",16,luni 9,Kd Kh,,,TURN,CALL,200,BET,400,BET,90,,,2,RIVER,true,4
"2658051182   ","202597080178 ",16,wmaduro,"3h Qh",,,PRE_FLOP,CHECK,0,FOLD,0,,,,,2,RIVER,true,4
"2658051182   ","202597080178 ",16,dimchikd,As 5c,1010,,PRE_FLOP,CALL,325,,,,,,,1,RIVER,true,4
"2658051182   ","202597080178 ",16,Girl563,"6c 5s",1010,,TURN,CALL,400,CALL,400,CALL,90,,,29,RIVER,true,4
"2658051182   ","202597091988 ",17,dimchikd,"3h 6h",,,PRE_FLOP,CALL,200,CHECK,0,CHECK,0,CHECK,0,3,RIVER,true,4
"2658051182   ","202597091988 ",17,Girl563,Kd 6s,1680,,PRE_FLOP,CALL,400,CHECK,0,CHECK,0,CHECK,0,32,RIVER,true,4
"2658051182   ","202597091988 ",17,wmaduro,"5s 8h",,,PRE_FLOP,CALL,260,,,,,,,1,RIVER,true,4
"2658088684   ","202594198563 ",2,wmaduro,"8h As",170,,FLOP,RAISE,60,RAISE,360,,,,,21,FLOP,false,1
"2658088684   ","202594224075 ",6,levrais1,Jd Tc,680,,PRE_FLOP,CALL,300,,,,,,,17,RIVER,true,1
"2658088684   ","202594224075 ",6,wmaduro,"6h 6c",,,PRE_FLOP,RAISE,470,,,,,,,24,RIVER,true,1
"2658088684   ","202594237549 ",9,levrais1,"6c Qc",330,,PRE_FLOP,CALL,70,BET,20,BET,20,BET,80,40,RIVER,true,1
"2658088684   ","202594237549 ",9,wmaduro,"2c As",,,PRE_FLOP,RAISE,110,,,,,,,6,RIVER,true,1
"2658468489   ","202622990594 ",1,mega3lodey,Tc 8s,3095,,RIVER,CHECK,0,BET,161,BET,403,BET,876,30,RIVER,true,1
"2658468489   ","202622990594 ",1,NataVesna606,"7s 2s",,,RIVER,CALL,50,CALL,161,CALL,403,CALL,876,30,RIVER,true,1
"2658468489   ","202623044968 ",5,Maxim73999,Qc Ah,2970,,PRE_FLOP,CALL,1020,,,,,,,12,RIVER,true,2
"2658468489   ","202623044968 ",5,Movistar1963,Tc Ts,,,PRE_FLOP,RAISE,3000,,,,,,,30,RIVER,true,2
"2658468489   ","202623057954 ",7,Maxim73999,Ad Th,,,PRE_FLOP,CALL,1240,,,,,,,29,RIVER,true,2
"2658468489   ","202623057954 ",7,wmaduro,"5h 5d",2960,,PRE_FLOP,RAISE,1290,,,,,,,13,RIVER,true,2
"2658468489   ","202623074310 ",9,Movistar1963,"8d As",3310,,FLOP,CALL,300,CALL,875,,,,,8,RIVER,true,3
"2658468489   ","202623074310 ",9,Leonard21vek,"5h Ah",,,FLOP,RAISE,400,BET,875,,,,,7,RIVER,true,3
"2658468489   ","202623114607 ",15,"0Mendes",Td Tc,,,RIVER,CALL,400,BET,400,CALL,400,CALL,995,9,RIVER,true,4
"2658468489   ","202623114607 ",15,java777222,"9d Qd",6310,,RIVER,CALL,400,CALL,400,BET,400,BET,995,6,RIVER,true,4
"2658468489   ","202623130745 ",16,Romantiklol,"5s 5c",1240,,FLOP,CHECK,0,BET,420,,,,,2,RIVER,true,4
"2658468489   ","202623130745 ",16,java777222,Qs 9s,1240,,FLOP,CALL,400,CALL,420,,,,,16,RIVER,true,4
"2658468489   ","202623139033 ",17,Romantiklol,"6s Ts",,,RIVER,CALL,200,CHECK,0,CHECK,0,CALL,760,3,RIVER,true,4
"2658468489   ","202623139033 ",17,"0Mendes","7c 5c",3440,,RIVER,CHECK,0,CHECK,0,CHECK,0,BET,925,4,RIVER,true,4
"2658468489   ","202623160272 ",20,el gaby jone,"9h As",10970,,TURN,CHECK,0,CALL,2460,CALL,7280,,,27,RIVER,true,5
"2658468489   ","202623160272 ",20,TipTopxD,Jh Qc,10970,,TURN,CALL,600,BET,2460,BET,7280,,,17,RIVER,true,5
"2658468489   ","202623169184 ",21,"888gera888","4s 5s",5580,,TURN,CALL,240,CALL,600,RAISE,825,,,4,RIVER,true,5
"2658468489   ","202623169184 ",21,TipTopxD,Kd Js,,,TURN,CALL,240,BET,600,CALL,225,,,18,RIVER,true,5
"2658468489   ","202623169184 ",21,wmaduro,As 6d,,,PRE_FLOP,RAISE,840,,,,,,,2,RIVER,true,5
"2659744461   ","202678398936 ",1,wmaduro,"4s Ah",240,,PRE_FLOP,RAISE,4990,,,,,,,100,PRE_FLOP,false,1
"2659744461   ","202678430751 ",8,wmaduro,Qd Qs,460,,PRE_FLOP,RAISE,5245,,,,,,,66,PRE_FLOP,false,2
"2659744461   ","202678455891 ",16,Merci1212,"7c Kc",,,PRE_FLOP,RAISE,4245,,,,,,,43,RIVER,true,3
"2659744461   ","202678455891 ",16,wmaduro,Ac Ad,8720,,PRE_FLOP,RAISE,5345,,,,,,,54,RIVER,true,3
"2659744461   ","202678463674 ",17,wmaduro,"8d 8h",,,PRE_FLOP,RAISE,9800,,,,,,,98,RIVER,true,3
"2659744461   ","202678463674 ",17,matgag4341,"9d As",9332,,PRE_FLOP,CALL,4301,,,,,,,46,RIVER,true,3
"2659744461   ","202678474471 ",18,specuhaAA,"7c Qc",,,PRE_FLOP,CALL,2880,,,,,,,45,RIVER,true,3
"2659744461   ","202678474471 ",18,acetoX,"9h Ad",6090,,PRE_FLOP,RAISE,2980,,,,,,,30,RIVER,true,3
"2659744461   ","202678497135 ",25,wmaduro,Kc Qh,420,,PRE_FLOP,RAISE,5479,,,,,,,37,PRE_FLOP,false,4
"2659744461   ","202678531236 ",29,Agustinei,"8h 3h",,,FLOP,CALL,200,BET,2960,,,,,17,RIVER,true,5
"2659744461   ","202678531236 ",29,wmaduro,Td 9d,7680,,FLOP,RAISE,400,RAISE,7214,,,,,38,RIVER,true,5
"2659744461   ","202678593029 ",43,chiyomo,"6h 4c",,,PRE_FLOP,CALL,1582,,,,,,,34,RIVER,true,7
"2659744461   ","202678593029 ",43,ThunderMan15,"6d Ad",4484,,PRE_FLOP,RAISE,1982,,,,,,,5,RIVER,true,7
"2659744461   ","202678639416 ",54,chiyomo,Ah Tc,11772,,PRE_FLOP,RAISE,5500,,,,,,,19,RIVER,true,8
"2659744461   ","202678639416 ",54,AdelDamirovich,Kc Kh,,,PRE_FLOP,CALL,4436,,,,,,,11,RIVER,true,8
"2659744461   ","202678647352 ",57,JúlioCésar10,"8d Kd",17392,,PRE_FLOP,RAISE,8496,,,,,,,17,RIVER,true,8
"2659744461   ","202678647352 ",57,stinkpuss,"7s 7h",,,PRE_FLOP,CALL,7996,,,,,,,25,RIVER,true,8
"2659744461   ","202678659506 ",60,BigAK613,"5s 7s",,,RIVER,CALL,900,CHECK,0,CHECK,0,BET,4141,9,RIVER,true,9
"2659744461   ","202678659506 ",60,wmaduro,Qd Qc,12362,,RIVER,RAISE,1200,CHECK,0,CHECK,0,CALL,4141,16,RIVER,true,9
"2659744461   ","202678696518 ",68,wmaduro,Ac 2d,,,PRE_FLOP,FOLD,0,,,,,,,22,PRE_FLOP,false,10
"2659744461   ","202678711348 ",71,acetoX,Ks Th,,,PRE_FLOP,CALL,7180,,,,,,,15,RIVER,true,10
"2659744461   ","202678711348 ",71,"28upham","8c 8d",22200,,PRE_FLOP,RAISE,9580,,,,,,,12,RIVER,true,10
"2659744461   ","202678716774 ",73,JúlioCésar10,Js Ac,14482,,PRE_FLOP,RAISE,16972,,,,,,,21,RIVER,true,10
"2659744461   ","202678716774 ",73,chiyomo,Ah 3c,,,PRE_FLOP,CALL,6121,,,,,,,9,RIVER,true,10
"2659744461   ","202678731327 ",78,JúlioCésar10,Tc Ad,7496,,PRE_FLOP,RAISE,22373,,,,,,,19,RIVER,true,11
"2659744461   ","202678731327 ",78,stinkpuss,Jh As,,,PRE_FLOP,RAISE,2668,,,,,,,2,RIVER,true,11
"2659744461   ","202678742408 ",81,wmaduro,Kh As,3120,,PRE_FLOP,RAISE,16075,,,,,,,14,PRE_FLOP,false,11
"2659744461   ","202678746064 ",82,JúlioCésar10,"6s Ac",,,PRE_FLOP,RAISE,26961,,,,,,,23,RIVER,true,11
"2659744461   ","202678746064 ",82,lockey369,"9s 9d",19192,,PRE_FLOP,CALL,8036,,,,,,,8,RIVER,true,11
"2659744461   ","202678753631 ",84,JúlioCésar10,Jh Js,37824,,PRE_FLOP,CALL,16432,,,,,,,13,RIVER,true,12
"2659744461   ","202678753631 ",84,lockey369,Ad Kd,,,PRE_FLOP,RAISE,18032,,,,,,,11,RIVER,true,12
"2659744461   ","202678769956 ",89,matgag4341,Ah Kd,,,PRE_FLOP,RAISE,25076,,,,,,,16,RIVER,true,12
"2659744461   ","202678769956 ",89,betbaileys,Ac Qc,53352,,PRE_FLOP,CALL,20276,,,,,,,16,RIVER,true,12
"2659744461   ","202678779011 ",91,"28upham",Kd Kh,23670,,PRE_FLOP,RAISE,22360,,,,,,,14,RIVER,true,12
"2659744461   ","202678779011 ",91,wmaduro,Kc Td,,,PRE_FLOP,RAISE,10395,,,,,,,7,RIVER,true,12
"2659769197   ","202677097199 ",3,QQmaverick,Kh 4s,,,TURN,CALL,80,BET,220,BET,391,,,36,RIVER,true,1
"2659769197   ","202677097199 ",3,Usotski,Ks 9s,,,TURN,CALL,40,CALL,220,CALL,420,,,73,RIVER,true,1
"2659769197   ","202677097199 ",3,bahvonbah,"3h 3c",2270,,TURN,RAISE,100,CALL,220,RAISE,811,,,57,RIVER,true,1
"2659769197   ","202677136631 ",4,"79TMI","4c 6s",,,PRE_FLOP,CALL,1397,,,,,,,50,RIVER,true,2
"2659769197   ","202677136631 ",4,Usotski,"7h Js",,,PRE_FLOP,CALL,233,,,,,,,11,RIVER,true,2
"2659769197   ","202677136631 ",4,salvadortexa,"9d Ac",1459,,PRE_FLOP,RAISE,1267,,,,,,,42,RIVER,true,2
"2659769197   ","202677136631 ",4,bahvonbah,Kd Kc,440,,PRE_FLOP,RAISE,3106,,,,,,,104,RIVER,true,2
"2659769197   ","202677175725 ",6,Delannoy,"4c 4s",2742,,PRE_FLOP,RAISE,1359,,,,,,,45,RIVER,true,2
"2659769197   ","202677175725 ",6,salvadortexa,"9h 8h",,,PRE_FLOP,CALL,1329,,,,,,,145,RIVER,true,2
"2659769197   ","202677217995 ",8,bahvonbah,"9c 8d",3544,,FLOP,CALL,118,CALL,1610,,,,,58,RIVER,true,2
"2659769197   ","202677217995 ",8,salvadortexa,Qd Jd,,,FLOP,RAISE,133,BET,3480,,,,,121,RIVER,true,2
"2659769197   ","202677230348 ",9,Delannoy,As Kd,,,PRE_FLOP,CALL,1614,,,,,,,49,RIVER,true,3
"2659769197   ","202677230348 ",9,salvadortexa,"3s Ks",3845,,PRE_FLOP,RAISE,1864,,,,,,,37,RIVER,true,3
"2659769197   ","202677239777 ",10,Delannoy,Ks Ah,1233,,PRE_FLOP,RAISE,558,,,,,,,11,RIVER,true,3
"2659769197   ","202677239777 ",10,salvadortexa,"2h 8c",,,PRE_FLOP,RAISE,3839,,,,,,,77,RIVER,true,3
"2659769197   ","202677249022 ",11,salvadortexa,Ad Qs,3261,,PRE_FLOP,RAISE,3275,,,,,,,66,RIVER,true,3
"2659769197   ","202677249022 ",11,MaximNvRn,"5h Ah",,,PRE_FLOP,CALL,1572,,,,,,,32,RIVER,true,3
"2659769197   ","202677262797 ",12,Delannoy,"9d Ks",,,PRE_FLOP,CALL,1171,,,,,,,25,RIVER,true,3
"2659769197   ","202677262797 ",12,salvadortexa,"7h 8c",2503,,PRE_FLOP,RAISE,4958,,,,,,,99,RIVER,true,3
"2659769197   ","202677275167 ",14,longjayes,"7h 7c",,,PRE_FLOP,CALL,1300,,,,,,,27,RIVER,true,3
"2659769197   ","202677275167 ",14,salvadortexa,Ah Kh,2755,,PRE_FLOP,RAISE,6178,,,,,,,124,RIVER,true,3
"2659769197   ","202677283038 ",15,rfreitas1985,Qh Ad,2667,,PRE_FLOP,CALL,1259,,,,,,,26,RIVER,true,3
"2659769197   ","202677283038 ",15,salvadortexa,"7c 3d",,,PRE_FLOP,RAISE,7577,,,,,,,152,RIVER,true,3
"2659769197   ","202677290486 ",16,salvadortexa,"4s Kd",,,PRE_FLOP,RAISE,6262,,,,,,,125,RIVER,true,3
"2659769197   ","202677290486 ",16,wmaduro,Qh Qc,5399,,PRE_FLOP,CALL,2575,,,,,,,54,RIVER,true,3
"2659769197   ","202677314690 ",20,rfreitas1985,Ad Ah,5204,,PRE_FLOP,CALL,2537,,,,,,,51,RIVER,true,3
"2659769197   ","202677314690 ",20,salvadortexa,Kc Qh,,,PRE_FLOP,RAISE,3686,,,,,,,74,RIVER,true,3
"2659769197   ","202677322604 ",21,salvadortexa,"8c Qs",1159,,PRE_FLOP,RAISE,1114,,,,,,,14,RIVER,true,4
"2659769197   ","202677322604 ",21,wmaduro,Kh Ad,1159,,PRE_FLOP,CALL,954,,,,,,,66,RIVER,true,4
"2659769197   ","202677330496 ",22,salvadortexa,"2h 4d",,,PRE_FLOP,RAISE,1149,,,,,,,14,RIVER,true,4
"2659769197   ","202677330496 ",22,bahvonbah,"4h 4c",2508,,PRE_FLOP,RAISE,3606,,,,,,,45,RIVER,true,4
"2659769197   ","202677541175 ",41,rfreitas1985,Ad 6s,4264,,RIVER,RAISE,320,CALL,160,CALL,320,CALL,802,28,RIVER,true,6
"2659769197   ","202677541175 ",41,GoRaps2019,Qd Td,,,RIVER,CALL,320,CALL,160,BET,320,BET,802,10,RIVER,true,6
"2659769197   ","202677612131 ",43,mateusbreis,Ah Qh,,,PRE_FLOP,RAISE,2264,,,,,,,11,RIVER,true,7
"2659769197   ","202677612131 ",43,bahvonbah,Js Jh,5053,,PRE_FLOP,RAISE,5960,,,,,,,30,RIVER,true,7
"2659769197   ","202677639579 ",45,bahvonbah,"4d 4s",,,FLOP,CALL,492,CALL,289,,,,,45,RIVER,true,7
"2659769197   ","202677639579 ",45,Raifran 1810,"8d 7d",578,,FLOP,CALL,392,BET,289,,,,,5,RIVER,true,7
"2659769197   ","202677639579 ",45,Mathindiano,Qc Qd,1976,,PRE_FLOP,RAISE,592,,,,,,,3,RIVER,true,7
"2659769197   ","202677672270 ",47,wmaduro,Ah Kc,,,PRE_FLOP,RAISE,5300,,,,,,,27,RIVER,true,7
"2659769197   ","202677672270 ",47,Chicago5757,"9h 9d",2447,,PRE_FLOP,RAISE,749,,,,,,,4,RIVER,true,7
"2659769197   ","202677696338 ",49,Raifran 1810,Qc 7h,,,PRE_FLOP,RAISE,378,,,,,,,2,RIVER,true,7
"2659769197   ","202677696338 ",49,wmaduro,As Qh,1256,,PRE_FLOP,RAISE,4401,,,,,,,22,RIVER,true,7
"2659769197   ","202677735527 ",52,bahvonbah,Qs Kh,,,PRE_FLOP,RAISE,8718,,,,,,,29,RIVER,true,8
"2659769197   ","202677735527 ",52,Chicago5757,Kc Ah,3769,,PRE_FLOP,CALL,1122,,,,,,,6,RIVER,true,8
"2659769197   ","202677754437 ",54,filo272,Jd Ad,4371,,FLOP,RAISE,600,RAISE,1273,,,,,6,RIVER,true,8
"2659769197   ","202677754437 ",54,bahvonbah,"7h 7s",,,FLOP,CALL,600,CALL,673,,,,,23,RIVER,true,8
"2659769197   ","202677773231 ",55,A'rijn,Ah 6h,2795,,PRE_FLOP,RAISE,1085,,,,,,,4,RIVER,true,8
"2659769197   ","202677773231 ",55,bahvonbah,Ks Ts,,,PRE_FLOP,RAISE,4898,,,,,,,16,RIVER,true,8
"2659769197   ","202677783593 ",56,Mathindiano,"5h 5d",,,PRE_FLOP,RAISE,1726,,,,,,,6,RIVER,true,8
"2659769197   ","202677783593 ",56,filo272,"2d Ad",3627,,PRE_FLOP,CALL,1426,,,,,,,14,RIVER,true,8
"2659769197   ","202677803494 ",58,bahvonbah,"9s 3d",,,FLOP,CALL,400,CALL,1338,,,,,9,RIVER,true,9
"2659769197   ","202677803494 ",58,rfreitas1985,Kc Kd,7826,,FLOP,RAISE,800,RAISE,5047,,,,,15,RIVER,true,9
"2659769197   ","202677849713 ",63,A'rijn,Qc Ad,,,PRE_FLOP,RAISE,3445,,,,,,,9,RIVER,true,9
"2659769197   ","202677849713 ",63,Chicago5757,Kd As,6563,,PRE_FLOP,CALL,2619,,,,,,,8,RIVER,true,9
"2659769197   ","202677867439 ",65,wmaduro,Js Kh,1253,,PRE_FLOP,RAISE,4179,,,,,,,11,RIVER,true,9
"2659769197   ","202677867439 ",65,A'rijn,"2c Ah",,,PRE_FLOP,CALL,376,,,,,,,1,RIVER,true,9
"2659769197   ","202677882638 ",68,rfreitas1985,"4s 4c",,,PRE_FLOP,RAISE,8535,,,,,,,14,RIVER,true,10
"2659769197   ","202677882638 ",68,wmaduro,"8d 8c",11510,,PRE_FLOP,CALL,5055,,,,,,,10,RIVER,true,10
"2659769197   ","202677891104 ",70,filo272,"9c 4s",,,FLOP,CALL,600,BET,4422,,,,,10,RIVER,true,10
"2659769197   ","202677891104 ",70,Chicago5757,Kc Qc,11376,,FLOP,RAISE,1800,CALL,3788,,,,,9,RIVER,true,10
"2659769197   ","202677934719 ",78,rfreitas1985,"4d Kc",,,PRE_FLOP,RAISE,4230,,,,,,,7,RIVER,true,10
"2659769197   ","202677934719 ",78,wmaduro,"8d Ad",8610,,PRE_FLOP,CALL,3630,,,,,,,20,RIVER,true,10
"2659769197   ","202677991085 ",95,Chicago5757,Kd Jd,,,PRE_FLOP,CALL,1726,,,,,,,3,RIVER,true,11
"2659769197   ","202677991085 ",95,wmaduro,"5s 5h",5152,,PRE_FLOP,RAISE,24374,,,,,,,31,RIVER,true,11
"2659809648   ","202679170569 ",19,Gochak,As Ks,3242,,PRE_FLOP,RAISE,1844,,,,,,,37,RIVER,true,3
"2659809648   ","202679170569 ",19,escipion_EA,"7d 7h",,,PRE_FLOP,CALL,1478,,,,,,,32,RIVER,true,3
"2659809648   ","202679184849 ",20,DiamontGirll,Jh Jc,,,PRE_FLOP,CALL,1250,,,,,,,27,RIVER,true,3
"2659809648   ","202679184849 ",20,SpreadNik,"6s 6h",2705,,PRE_FLOP,RAISE,1300,,,,,,,26,RIVER,true,3
"2659809648   ","202679192972 ",21,wmaduro,"8d 8c",147,,PRE_FLOP,RAISE,1211,,,,,,,24,RIVER,true,3
"2659809648   ","202679192972 ",21,AK-499,As Kh,,,PRE_FLOP,CALL,1061,,,,,,,31,RIVER,true,3
"2659809648   ","202679217232 ",24,AK-499,Qc 6s,524,,PRE_FLOP,RAISE,242,,,,,,,3,RIVER,true,4
"2659809648   ","202679217232 ",24,wmaduro,"9d Kd",,,PRE_FLOP,CALL,162,,,,,,,32,RIVER,true,4
"2659809648   ","202679310150 ",37,wmaduro,Ah 6s,,,RIVER,RAISE,290,CHECK,0,CALL,320,FOLD,0,19,RIVER,false,5
"2659809648   ","202679327917 ",38,wmaduro,Ah 9s,360,,PRE_FLOP,RAISE,1671,,,,,,,14,PRE_FLOP,false,5
"2659809648   ","202679333437 ",39,wmaduro,"8d Ah",360,,PRE_FLOP,RAISE,1896,,,,,,,16,PRE_FLOP,false,5
"2659809648   ","202679407308 ",55,wmaduro,"7s Ac",480,,PRE_FLOP,RAISE,1511,,,,,,,10,PRE_FLOP,false,6
"2659809648   ","202679470134 ",64,AK-499,"9d 8d",958,,PRE_FLOP,RAISE,429,,,,,,,2,RIVER,true,7
"2659809648   ","202679470134 ",64,wmaduro,"3d 8c",,,PRE_FLOP,CALL,229,,,,,,,15,RIVER,true,7
"2659809648   ","202679503110 ",69,SpreadNik,Js 2d,,,PRE_FLOP,CALL,333,,,,,,,18,RIVER,true,7
"2659809648   ","202679503110 ",69,AK-499,"7d Ac",1266,,PRE_FLOP,RAISE,533,,,,,,,3,RIVER,true,7
"2659809648   ","202679510850 ",70,SpreadNik,"9c Ad",,,PRE_FLOP,RAISE,3009,,,,,,,10,RIVER,true,8
"2659809648   ","202679510850 ",70,Gochak,Jc Kc,3836,,PRE_FLOP,CALL,1568,,,,,,,6,RIVER,true,8
"2659809648   ","202679525489 ",73,SpreadNik,"5d 5s",,,PRE_FLOP,CALL,416,,,,,,,4,RIVER,true,8
"2659809648   ","202679525489 ",73,AK-499,Ah Jc,1682,,PRE_FLOP,RAISE,716,,,,,,,2,RIVER,true,8
"2659809648   ","202679532249 ",74,SpreadNik,"4c 6s",,,PRE_FLOP,CALL,175,,,,,,,1,RIVER,true,8
"2659809648   ","202679532249 ",74,Gochak,Qh Ac,1075,,PRE_FLOP,RAISE,3586,,,,,,,12,RIVER,true,8
"2659809648   ","202679532249 ",74,wmaduro,Qc Kh,,,PRE_FLOP,FOLD,0,,,,,,,11,RIVER,true,8
"2659809648   ","202679549324 ",77,wmaduro,"6h 6s",825,,PRE_FLOP,RAISE,1757,,,,,,,6,PRE_FLOP,false,8
"2659809648   ","202679552771 ",78,wmaduro,Ah 8d,675,,PRE_FLOP,RAISE,2257,,,,,,,8,PRE_FLOP,false,8
"2659809648   ","202679592075 ",89,wmaduro,Ah 8s,1075,,PRE_FLOP,RAISE,1757,,,,,,,4,PRE_FLOP,false,9
"2659809648   ","202679600500 ",91,wmaduro,Td Ac,875,,PRE_FLOP,RAISE,1982,,,,,,,5,PRE_FLOP,false,9
"2659809648   ","202679641577 ",95,wmaduro,Kd 5c,1075,,PRE_FLOP,RAISE,1357,,,,,,,3,PRE_FLOP,false,9
"2659809648   ","202679652415 ",97,Gochak,"2s 2h",2789,,PRE_FLOP,CALL,857,,,,,,,14,RIVER,true,9
"2659809648   ","202679652415 ",97,AK-499,Kc 2d,,,PRE_FLOP,RAISE,1257,,,,,,,3,RIVER,true,9
"2659809648   ","202679659793 ",99,Gochak,Td 9s,,,PRE_FLOP,CALL,1757,,,,,,,11,RIVER,true,10
"2659809648   ","202679659793 ",99,wmaduro,Ad 5d,4814,,PRE_FLOP,RAISE,2357,,,,,,,4,RIVER,true,10
"2659809648   ","202679666136 ",101,Gochak,"6d Ah",7672,,PRE_FLOP,CALL,3186,,,,,,,6,RIVER,true,10
"2659809648   ","202679666136 ",101,wmaduro,Kh 8h,,,PRE_FLOP,RAISE,5114,,,,,,,9,RIVER,true,10
"2659809648   ","202679671059 ",103,Gochak,"7d Qh",3356,,PRE_FLOP,CALL,1028,,,,,,,12,RIVER,true,10
"2659809648   ","202679671059 ",103,wmaduro,"4s 3d",,,PRE_FLOP,RAISE,1628,,,,,,,3,RIVER,true,10
"2659969280   ","202965155751 ",2,must ei,"6c 6h",9808,,FLOP,RAISE,1008,BET,3248,,,,,36,RIVER,true,7
"2659969280   ","202965155751 ",2,BadBeatSoldier,"6s As",,,FLOP,CALL,1008,RAISE,10287,,,,,94,RIVER,true,7
"2659969280   ","202965167342 ",3,ciara1972,Js Qc,,,FLOP,CALL,600,RAISE,10940,,,,,97,RIVER,true,7
"2659969280   ","202965167342 ",3,ThirtyTw0,Td 9d,20872,,FLOP,CALL,600,CALL,8852,,,,,83,RIVER,true,7
"2659969280   ","202965195069 ",5,ciara1972,Kc Ac,,,PRE_FLOP,RAISE,1584,,,,,,,13,RIVER,true,7
"2659969280   ","202965195069 ",5,RafaPJ10,Qh Qs,3656,,PRE_FLOP,CALL,744,,,,,,,31,RIVER,true,7
"2659969280   ","202965259928 ",10,Jama2018,Ac 2c,19271,,RIVER,CALL,225,CALL,750,BET,2168,CALL,5300,111,RIVER,true,8
"2659969280   ","202965259928 ",10,BadBeatSoldier,"4s 4h",,,RIVER,CALL,300,CALL,750,CALL,2168,BET,5300,57,RIVER,true,8
"2659969280   ","202965290579 ",12,Aleksfas541,Jc Ad,5171,,PRE_FLOP,RAISE,4916,,,,,,,33,RIVER,true,8
"2659969280   ","202965290579 ",12,ThirtyTw0,Ac 2c,5171,,PRE_FLOP,RAISE,9532,,,,,,,136,RIVER,true,8
"2659969280   ","202965479488 ",28,wmaduro,As Qd,,,PRE_FLOP,FOLD,0,,,,,,,21,RIVER,true,9
"2659969280   ","202965479488 ",28,tricar69,"4d 4s",,,PRE_FLOP,CALL,4275,,,,,,,24,RIVER,true,9
"2659969280   ","202965479488 ",28,OptionalityZ,Kd Ks,10509,,PRE_FLOP,RAISE,8409,,,,,,,42,RIVER,true,9
"2659969280   ","202965514597 ",32,aniskiller,Kc 9h,10435,,PRE_FLOP,CALL,4190,,,,,,,52,RIVER,true,10
"2659969280   ","202965514597 ",32,xDaSilva89x,As Qh,,,PRE_FLOP,RAISE,4940,,,,,,,20,RIVER,true,10
"2659969280   ","202965520434 ",33,breitreifen,"5h Ad",9750,,TURN,CALL,125,CALL,250,CALL,3170,,,19,RIVER,true,10
"2659969280   ","202965520434 ",33,adskt,"8s As",,,TURN,CALL,250,BET,250,RAISE,5524,,,24,RIVER,true,10
"2659969280   ","202965533188 ",34,LuisCMarinho,Ac Tc,2953,,FLOP,CHECK,0,RAISE,1680,,,,,8,RIVER,true,10
"2659969280   ","202965533188 ",34,adskt,Ah Ks,,,FLOP,CALL,250,CALL,584,,,,,5,RIVER,true,10
"2659969280   ","202965543632 ",35,OptionalityZ,Ac Kh,20247,,FLOP,RAISE,2500,RAISE,12061,,,,,58,RIVER,true,10
"2659969280   ","202965543632 ",35,breitreifen,Js Kd,,,FLOP,CALL,1938,CALL,3014,,,,,39,RIVER,true,10
"2659969280   ","202965560452 ",36,wmaduro,Ah 8c,,,PRE_FLOP,FOLD,0,,,,,,,13,PRE_FLOP,false,10
"2659969280   ","202965585975 ",39,aniskiller,"8s 7s",,,PRE_FLOP,CALL,5330,,,,,,,72,RIVER,true,10
"2659969280   ","202965585975 ",39,alinebc376,Ah Kc,12715,,PRE_FLOP,RAISE,5830,,,,,,,23,RIVER,true,10
"2659969280   ","202965604032 ",40,wmaduro,Js Ks,,,FLOP,CALL,500,RAISE,1569,,,,,9,RIVER,true,10
"2659969280   ","202965604032 ",40,aniskiller,Qs Kh,5943,,FLOP,RAISE,750,CALL,1319,,,,,49,RIVER,true,10
"2659973422   ","202837764464 ",1,tombr0007,"7s Ad",2176,,PRE_FLOP,RAISE,3496,,,,,,,30,RIVER,true,7
"2659973422   ","202837764464 ",1,BETEKAS13,Ah 8c,2175,,PRE_FLOP,RAISE,1898,,,,,,,16,RIVER,true,7
"2659973422   ","202837778292 ",2,Mist2a,Ad 8h,,,PRE_FLOP,RAISE,6921,,,,,,,58,RIVER,true,7
"2659973422   ","202837778292 ",2,tombr0007,As Qd,7891,,PRE_FLOP,CALL,2393,,,,,,,32,RIVER,true,7
"2659973422   ","202837823413 ",7,Mist2a,Kc Jd,,,PRE_FLOP,RAISE,4228,,,,,,,28,RIVER,true,8
"2659973422   ","202837823413 ",7,tombr0007,Ah Ts,2396,,PRE_FLOP,RAISE,7791,,,,,,,52,RIVER,true,8
"2659973422   ","202837823413 ",7,wmaduro,Qh Qd,9325,,PRE_FLOP,CALL,2580,,,,,,,20,RIVER,true,8
"2659973422   ","202837889088 ",11,wmaduro,Ah Js,,,PRE_FLOP,FOLD,0,,,,,,,46,RIVER,true,9
"2659973422   ","202837889088 ",11,tico889,Kc Jh,6560,,PRE_FLOP,RAISE,2780,,,,,,,14,RIVER,true,9
"2659973422   ","202837889088 ",11,waalbrug354,Ac Qd,,,PRE_FLOP,CALL,2780,,,,,,,15,RIVER,true,9
"2659973422   ","202837907900 ",12,waalbrug354,Qh 4s,,,PRE_FLOP,CALL,170,,,,,,,1,RIVER,true,9
"2659973422   ","202837907900 ",12,jschind591,Ac 3d,1005,,PRE_FLOP,CALL,400,CHECK,0,BET,948,,,31,RIVER,true,9
"2659973422   ","202837929809 ",14,Dotto<3Angel,As 5c,6950,,FLOP,CALL,400,BET,2125,,,,,14,RIVER,true,9
"2659973422   ","202837929809 ",14,Spooker161,Qs Kd,,,FLOP,RAISE,600,CALL,2125,,,,,19,RIVER,true,9
"2659973422   ","202837951069 ",15,tico889,As 3c,,,PRE_FLOP,CALL,920,CHECK,0,BET,200,CHECK,0,29,RIVER,true,9
"2659973422   ","202837951069 ",15,jschind591,Ad 2c,4505,,PRE_FLOP,CALL,820,CHECK,0,CALL,200,CHECK,0,39,RIVER,true,9
"2659973422   ","202837951069 ",15,Spooker161,Td 7c,,,PRE_FLOP,RAISE,1020,,,,,,,5,RIVER,true,9
"2659973422   ","202837985852 ",18,wmaduro,Qh Qc,2770,,PRE_FLOP,RAISE,8145,,,,,,,33,PRE_FLOP,false,10
"2659973422   ","202838053171 ",24,tico889,Ac Ts,9060,,PRE_FLOP,RAISE,4050,,,,,,,14,RIVER,true,11
"2659973422   ","202838053171 ",24,lilttle_chil,"8h 8c",,,PRE_FLOP,CALL,2850,,,,,,,26,RIVER,true,11
"2659973422   ","202838064959 ",25,jizzy121,Ks 8c,,,PRE_FLOP,RAISE,2461,,,,,,,8,RIVER,true,11
"2659973422   ","202838064959 ",25,marhv,Kd Jd,5732,,PRE_FLOP,CALL,2161,,,,,,,11,RIVER,true,11
"2659973422   ","202838313882 ",35,I oguz han I,Qd Jd,4996,,PRE_FLOP,CALL,758,,,,,,,22,RIVER,true,13
"2659973422   ","202838313882 ",35,snizz91,Js Tc,,,PRE_FLOP,RAISE,1883,,,,,,,4,RIVER,true,13
"2659973422   ","202838367087 ",39,wmaduro,Tc Jc,3730,,FLOP,RAISE,1500,BET,6300,,,,,16,FLOP,false,13
"2659973422   ","202838405607 ",42,Dotto<3Angel,"7d 4d",10994,,TURN,CALL,600,CALL,1200,BET,8885,,,18,RIVER,true,14
"2659973422   ","202838405607 ",42,Guru2322,"6s 6c",,,TURN,CALL,600,CALL,1200,CALL,1882,,,6,RIVER,true,14
"2659973422   ","202838458084 ",46,righton 58,Jh Ah,,,PRE_FLOP,CALL,740,,,,,,,17,RIVER,true,15
"2659973422   ","202838458084 ",46,TB Revan,As Ac,3910,,PRE_FLOP,RAISE,1440,,,,,,,2,RIVER,true,15
"2659973422   ","202838484510 ",48,TB Revan,Th Qh,,,TURN,CALL,700,CALL,1400,BET,1640,,,5,RIVER,true,15
"2659973422   ","202838484510 ",48,righton 58,"2d 2s",10960,,TURN,CALL,700,BET,1400,RAISE,7923,,,14,RIVER,true,15
"2659973422   ","202838510578 ",49,wmaduro,Jd Qd,,,FLOP,RAISE,1700,FOLD,0,,,,,14,FLOP,false,15
"2659973422   ","202838548465 ",54,mevGore,Ad Th,,,PRE_FLOP,CALL,6735,,,,,,,19,RIVER,true,16
"2659973422   ","202838548465 ",54,lilttle_chil,Js Ah,9539,,PRE_FLOP,RAISE,8335,,,,,,,11,RIVER,true,16
"2659973422   ","202838548465 ",54,marhv,Kh Qh,,,PRE_FLOP,CALL,2513,,,,,,,3,RIVER,true,16
"2659973422   ","202838593061 ",59,saudy116,Td Qc,,,RIVER,CHECK,0,CHECK,0,CHECK,0,BET,6047,9,RIVER,true,16
"2659973422   ","202838593061 ",59,Dotto<3Angel,Ts As,15394,,RIVER,CALL,800,CHECK,0,CHECK,0,RAISE,21987,29,RIVER,true,16
"2659973422   ","202838692551 ",67,lilttle_chil,"9d Tc",3953,,PRE_FLOP,CALL,2078,,,,,,,14,RIVER,true,18
"2659973422   ","202838692551 ",67,mevGore,"5d 5h",3953,,PRE_FLOP,RAISE,2678,,,,,,,2,RIVER,true,18
"2659973422   ","202838700851 ",68,wmaduro,Kh Ad,24090,,PRE_FLOP,RAISE,11070,,,,,,,9,RIVER,true,18
"2659973422   ","202838700851 ",68,lilttle_chil,As 6s,,,PRE_FLOP,CALL,8070,,,,,,,15,RIVER,true,18
"2659973422   ","202838712068 ",69,wmaduro,"6c 6s",13156,,PRE_FLOP,RAISE,9406,,,,,,,20,RIVER,true,18
"2659973422   ","202838712068 ",69,Fandor4ik,Jd 9d,,,PRE_FLOP,RAISE,5303,,,,,,,5,RIVER,true,18
"2659973422   ","202838718161 ",70,Vicktorx,Ks Qd,10384,,PRE_FLOP,RAISE,3692,,,,,,,3,RIVER,true,18
"2659973422   ","202838718161 ",70,jschind591,Th Jh,,,PRE_FLOP,CALL,3692,,,,,,,18,RIVER,true,18
"2659973422   ","202838731837 ",72,lilttle_chil,"9d Ks",16026,,PRE_FLOP,RAISE,6513,,,,,,,6,RIVER,true,18
"2659973422   ","202838731837 ",72,ELPRIIINCIPE,Jh Jd,,,PRE_FLOP,RAISE,14120,,,,,,,12,RIVER,true,18
"2659973422   ","202838743808 ",74,ELPRIIINCIPE,"2c Ac",,,PRE_FLOP,RAISE,7307,,,,,,,6,RIVER,true,18
"2659973422   ","202838743808 ",74,righton 58,Ts Tc,17614,,PRE_FLOP,RAISE,11238,,,,,,,9,RIVER,true,18
"2659973422   ","202838755045 ",76,lilttle_chil,"4c 5d",,,FLOP,CALL,600,RAISE,13026,,,,,12,RIVER,true,18
"2659973422   ","202838755045 ",76,wmaduro,Jh 9d,30852,,FLOP,CHECK,0,CALL,10626,,,,,26,RIVER,true,18
"2659973422   ","202838767280 ",77,judal89,Qs As,17818,,PRE_FLOP,RAISE,15879,,,,,,,11,RIVER,true,19
"2659973422   ","202838767280 ",77,Vicktorx,Jc Ah,,,PRE_FLOP,CALL,6109,,,,,,,5,RIVER,true,19
"2659973422   ","202838783469 ",79,lulupac,Jc Js,12387,,PRE_FLOP,CALL,2029,BET,5574,,,,,25,RIVER,true,19
"2659973422   ","202838783469 ",79,love ps888,As Kc,,,PRE_FLOP,RAISE,3429,,,,,,,3,RIVER,true,19
"2659973422   ","202838796361 ",80,jschind591,Ad Td,32071,,PRE_FLOP,CALL,13673,,,,,,,11,RIVER,true,19
"2659973422   ","202838796361 ",80,judal89,As 8c,,,PRE_FLOP,RAISE,19224,,,,,,,14,RIVER,true,19
"2659973422   ","202838802183 ",81,jschind591,"7s 6s",,,PRE_FLOP,CALL,3276,CHECK,0,CHECK,0,CHECK,0,23,RIVER,true,19
"2659973422   ","202838802183 ",81,judal89,Kh 9c,,,PRE_FLOP,RAISE,3976,,,,,,,3,RIVER,true,19
"2659973422   ","202838802183 ",81,lulupac,Th Ah,824,,PRE_FLOP,CALL,3976,CHECK,0,CHECK,0,CHECK,0,31,RIVER,true,19
"2659973422   ","202838810935 ",82,esveiga2009,Td Ts,12708,,PRE_FLOP,RAISE,5129,,,,,,,4,RIVER,true,19
"2659973422   ","202838810935 ",82,lulupac,Ac 9s,,,PRE_FLOP,CALL,2329,,,,,,,37,RIVER,true,19
"2659973422   ","202838818214 ",83,wmaduro,"2h 5d",,,PRE_FLOP,RAISE,44744,,,,,,,32,RIVER,true,19
"2659973422   ","202838818214 ",83,fern325,Ts 3h,5572,,PRE_FLOP,CALL,686,,,,,,,2,RIVER,true,19
"2659973422   ","202838840839 ",85,righton 58,Ad 9c,,,FLOP,CALL,800,CALL,14195,,,,,12,RIVER,true,20
"2659973422   ","202838840839 ",85,Dotto<3Angel,"5h 8s",39790,,FLOP,CHECK,0,RAISE,39994,,,,,26,RIVER,true,20
"2659973422   ","202838854164 ",86,PaKir2507,Kd Jd,,,PRE_FLOP,RAISE,3548,,,,,,,2,RIVER,true,20
"2659973422   ","202838854164 ",86,Dotto<3Angel,Ac Td,11096,,PRE_FLOP,CALL,3548,,,,,,,39,RIVER,true,20
"2659973422   ","202838874296 ",89,Dotto<3Angel,"9h 9c",93490,,PRE_FLOP,RAISE,69137,,,,,,,43,RIVER,true,20
"2659973422   ","202838874296 ",89,lulupac,Ks Ac,,,PRE_FLOP,CALL,44745,,,,,,,28,RIVER,true,20
"2659973422   ","202838894401 ",92,Dotto<3Angel,"9s 9d",,,PRE_FLOP,RAISE,14400,,,,,,,73,RIVER,true,20
"2659973422   ","202838894401 ",92,esveiga2009,Ks As,19116,,PRE_FLOP,CALL,358,,,,,,,5,RIVER,true,20
"2659973422   ","202838901307 ",93,wmaduro,Ah Ad,20594,,FLOP,RAISE,3200,CALL,5097,,,,,24,RIVER,true,20
"2659973422   ","202838901307 ",93,fern325,Ac 3d,,,FLOP,CALL,3200,BET,5097,,,,,5,RIVER,true,20
"2659973422   ","202839015005 ",102,jschind591,Ah Ad,50640,,PRE_FLOP,CALL,21820,,,,,,,12,RIVER,true,22
"2659973422   ","202839015005 ",102,teBrinke'75,As 8h,,,PRE_FLOP,RAISE,30337,,,,,,,15,RIVER,true,22
"2659973422   ","202839030800 ",104,esveiga2009,Kh Jh,,,PRE_FLOP,CALL,4017,CHECK,0,CHECK,0,CHECK,0,13,RIVER,true,22
"2659973422   ","202839030800 ",104,teBrinke'75,As 6s,21051,,PRE_FLOP,RAISE,6017,,,,,,,3,RIVER,true,22
"2659973422   ","202839030800 ",104,AlissonGuruh,"5s 5d",,,PRE_FLOP,CALL,6017,CHECK,0,CHECK,0,CHECK,0,56,RIVER,true,22
"2659973422   ","202839112704 ",105,esveiga2009,"5d Ad",42448,,TURN,CALL,1000,CALL,4000,CALL,13349,,,10,RIVER,true,22
"2659973422   ","202839112704 ",105,Dotto<3Angel,As 7c,,,TURN,CALL,2000,BET,4000,BET,16000,,,71,RIVER,true,22
"2659973422   ","202839146064 ",108,jschind591,Qh Ks,27128,,PRE_FLOP,CALL,8314,,,,,,,20,RIVER,true,23
"2659973422   ","202839146064 ",108,chebunin,Tc Th,,,PRE_FLOP,RAISE,10714,,,,,,,5,RIVER,true,23
"2659973422   ","202839220254 ",115,locuramestre,"8c Ah",38198,,PRE_FLOP,CALL,14724,,,,,,,6,RIVER,true,24
"2659973422   ","202839220254 ",115,katsuma127,"6s 6c",,,PRE_FLOP,RAISE,30126,,,,,,,11,RIVER,true,24
"2659973422   ","202839241068 ",118,teBrinke'75,Td Kc,,,PRE_FLOP,RAISE,20851,,,,,,,8,RIVER,true,24
"2659973422   ","202839241068 ",118,locuramestre,Ks Ah,49052,,PRE_FLOP,RAISE,37148,,,,,,,13,RIVER,true,24
"2659973422   ","202839257377 ",121,wmaduro,Jh Kd,41304,,PRE_FLOP,RAISE,35805,,,,,,,13,RIVER,true,24
"2659973422   ","202839257377 ",121,katsuma127,Js Ad,,,PRE_FLOP,CALL,16452,,,,,,,7,RIVER,true,24
"2659973422   ","202839274811 ",124,wmaduro,Kd Kh,127514,,FLOP,RAISE,6400,RAISE,50357,,,,,18,RIVER,true,25
"2659973422   ","202839274811 ",124,Dotto<3Angel,Jh Qc,,,FLOP,CALL,6400,CALL,24757,,,,,47,RIVER,true,25
"2659973422   ","202839297533 ",128,wmaduro,"3s 9d",,,FLOP,CALL,1600,FOLD,0,,,,,38,RIVER,true,25
"2659973422   ","202839297533 ",128,Dotto<3Angel,Qs Js,74632,,FLOP,CALL,3200,CALL,29516,,,,,27,RIVER,true,25
"2659973422   ","202839297533 ",128,"3rdostridge","7d Ad",,,FLOP,CALL,3200,BET,29516,,,,,10,RIVER,true,25
"2659973422   ","202839352159 ",135,locuramestre,Jh Jc,,,PRE_FLOP,RAISE,58949,,,,,,,16,RIVER,true,26
"2659973422   ","202839352159 ",135,jschind591,Qc Qh,118308,,PRE_FLOP,CALL,52404,,,,,,,16,RIVER,true,26
"2659973422   ","202839358125 ",136,locuramestre,"9c 8c",9490,,PRE_FLOP,CALL,2495,,,,,,,1,RIVER,true,26
"2659973422   ","202839374023 ",140,wmaduro,"2s Th",9900,,PRE_FLOP,RAISE,112514,,,,,,,31,PRE_FLOP,false,26
"2659973422   ","202839378727 ",141,locuramestre,"9s 4h",,,PRE_FLOP,CALL,1840,,,,,,,1,RIVER,true,26
"2659973422   ","202839378727 ",141,Dotto<3Angel,"5s 5d",,,PRE_FLOP,RAISE,122815,,,,,,,34,RIVER,true,26
"2659973422   ","202839378727 ",141,esveiga2009,Ac 3c,17220,,PRE_FLOP,RAISE,13798,,,,,,,4,RIVER,true,26
"2659973422   ","202839396703 ",146,Alex Vadillo,Qs Ts,,,PRE_FLOP,CALL,17261,,,,,,,6,RIVER,true,26
"2659973422   ","202839396703 ",146,esveiga2009,Jd Jc,45772,,PRE_FLOP,RAISE,21600,,,,,,,11,RIVER,true,26
"2659973422   ","202839402666 ",147,alexdaas,Ah Qd,,,PRE_FLOP,CALL,68997,,,,,,,20,RIVER,true,27
"2659973422   ","202839402666 ",147,Troch72,Kc As,151494,,PRE_FLOP,RAISE,72997,,,,,,,18,RIVER,true,27
"2659973422   ","202839408136 ",148,alexdaas,"6d Kd",,,PRE_FLOP,CALL,3434,,,,,,,1,RIVER,true,27
"2659973422   ","202839408136 ",148,AlissonGuruh,Ts Jd,19368,,PRE_FLOP,RAISE,8840,,,,,,,48,RIVER,true,27
"2659973422   ","202839417746 ",150,wmaduro,Qs Qh,12000,,PRE_FLOP,RAISE,122214,,,,,,,31,PRE_FLOP,false,27
"2659973422   ","202839421891 ",151,x_NewBee31,Ts Td,72640,,PRE_FLOP,RAISE,31320,,,,,,,8,RIVER,true,27
"2659973422   ","202839421891 ",151,Abra301,"9d As",,,PRE_FLOP,CALL,11320,,,,,,,64,RIVER,true,27
"2659973422   ","202839504630 ",164,Abra301,"8s Qs",321194,,RIVER,CHECK,0,CHECK,0,CALL,9600,CALL,132997,37,RIVER,true,28
"2659973422   ","202839504630 ",164,Dotto<3Angel,"4d 7d",,,RIVER,CALL,4800,CHECK,0,RAISE,19200,BET,132997,33,RIVER,true,28
"2659973422   ","202839530040 ",169,Abra301,Kh Tc,84694,,PRE_FLOP,RAISE,38400,,,,,,,71,RIVER,true,28
"2659973422   ","202839530040 ",169,esveiga2009,Jh As,,,PRE_FLOP,CALL,12647,,,,,,,8,RIVER,true,28
"2659973422   ","202839557459 ",174,wmaduro,Kc Qc,18200,,PRE_FLOP,RAISE,102614,,,,,,,18,PRE_FLOP,false,29
"2659973422   ","202839573612 ",178,wmaduro,Kh Qc,26600,,PRE_FLOP,RAISE,125014,,,,,,,22,PRE_FLOP,false,29
"2659973422   ","202839582570 ",180,Troch72,Kd 9d,50080,,PRE_FLOP,CALL,17340,,,,,,,36,RIVER,true,29
"2659973422   ","202839582570 ",180,x_NewBee31,Ah Ad,,,PRE_FLOP,RAISE,20140,,,,,,,4,RIVER,true,29
"2659973422   ","202839593109 ",182,Abra301,"5c 5d",174216,,PRE_FLOP,CALL,78358,,,,,,,75,RIVER,true,29
"2659973422   ","202839593109 ",182,jschind591,"9s Ad",,,PRE_FLOP,RAISE,83958,,,,,,,15,RIVER,true,29
"2659973422   ","202839603804 ",184,wmaduro,As 9c,16000,,PRE_FLOP,RAISE,139414,,,,,,,22,PRE_FLOP,false,30
"2659973422   ","202839610212 ",187,wmaduro,"9c 9d",16000,,PRE_FLOP,RAISE,146614,,,,,,,23,PRE_FLOP,false,30
"2659973422   ","202839666682 ",201,wmaduro,"9h 9s",43200,,PRE_FLOP,RAISE,175514,,,,,,,25,PRE_FLOP,false,31
"2659973422   ","202839673789 ",203,wmaduro,"5d 5c",25200,,PRE_FLOP,RAISE,202514,,,,,,,28,PRE_FLOP,false,31
"2659973422   ","202839694710 ",208,wmaduro,"8c 8s",39600,,PRE_FLOP,RAISE,205214,,,,,,,29,PRE_FLOP,false,31
"2659973422   ","202839761273 ",223,Abra301,Th Qh,126874,,PRE_FLOP,CALL,53437,,,,,,,58,RIVER,true,32
"2659973422   ","202839761273 ",223,AlissonGuruh,Td Js,,,PRE_FLOP,RAISE,57437,,,,,,,7,RIVER,true,32
"2659973422   ","202839775273 ",227,wmaduro,"8d 6s",,,PRE_FLOP,FOLD,0,,,,,,,27,PRE_FLOP,false,32
"2659973422   ","202839780648 ",229,wmaduro,Jc 6s,35000,,PRE_FLOP,RAISE,196114,,,,,,,25,PRE_FLOP,false,32
"2659973422   ","202839861063 ",241,Abra301,"8s Ad",263853,,PRE_FLOP,RAISE,509104,,,,,,,57,RIVER,true,33
"2659973422   ","202839861063 ",241,wmaduro,Qh Qs,,,PRE_FLOP,CALL,121239,,,,,,,15,RIVER,true,33
"2659973424   ","202900232548 ",1,ta kerendo,Jh Js,4814,,PRE_FLOP,RAISE,2092,,,,,,,14,RIVER,true,8
"2659973424   ","202900232548 ",1,eu você nós.,"8h Qh",,,PRE_FLOP,CALL,1717,,,,,,,106,RIVER,true,8
"2659973424   ","202900243995 ",2,Lucca kl,"7h Kh",8109,,FLOP,CALL,450,BET,3102,,,,,26,RIVER,true,8
"2659973424   ","202900243995 ",2,eu você nós.,Qc Qh,,,FLOP,RAISE,750,CALL,3102,,,,,92,RIVER,true,8
"2659973424   ","202900256163 ",3,Lucca kl,Ac 7c,,,PRE_FLOP,CALL,7789,,,,,,,54,RIVER,true,8
"2659973424   ","202900256163 ",3,eu você nós.,Jh Js,16583,,PRE_FLOP,RAISE,9953,,,,,,,66,RIVER,true,8
"2659973424   ","202900293190 ",6,valking111,Td 8d,,,FLOP,CALL,150,BET,3966,,,,,29,RIVER,true,8
"2659973424   ","202900293190 ",6,markpiton,As Ah,3703,,FLOP,RAISE,300,CALL,1434,,,,,12,RIVER,true,8
"2659973424   ","202900317297 ",8,iacz66,"9h 9c",5109,,PRE_FLOP,RAISE,5282,,,,,,,27,RIVER,true,9
"2659973424   ","202900317297 ",8,valking111,Ad 3d,,,PRE_FLOP,CALL,2082,,,,,,,11,RIVER,true,9
"2659973424   ","202900343267 ",10,iacz66,Ad Kh,18923,,PRE_FLOP,CALL,8759,,,,,,,46,RIVER,true,9
"2659973424   ","202900343267 ",10,eu você nós.,Qh Jd,,,PRE_FLOP,RAISE,17347,,,,,,,87,RIVER,true,9
"2659973424   ","202900352666 ",11,iacz66,Qh Ad,16971,,PRE_FLOP,CALL,7323,,,,,,,95,RIVER,true,9
"2659973424   ","202900352666 ",11,eu você nós.,"6h 9d",,,PRE_FLOP,RAISE,8123,,,,,,,41,RIVER,true,9
"2659973424   ","202900421139 ",13,thimalossi,"5d 5s",3294,,PRE_FLOP,CALL,6124,,,,,,,29,RIVER,true,10
"2659973424   ","202900421139 ",13,denilsonmtb,Jc Jd,,,PRE_FLOP,RAISE,7198,,,,,,,29,RIVER,true,10
"2659973424   ","202900421139 ",13,Silvinoz,Th As,,,PRE_FLOP,RAISE,1008,,,,,,,4,RIVER,true,10
"2659973424   ","202900451157 ",15,wmaduro,Qd Ad,1366,,FLOP,RAISE,750,BET,2865,,,,,15,RIVER,true,10
"2659973424   ","202900451157 ",15,denilsonmtb,Ac 9c,,,PRE_FLOP,CALL,282,,,,,,,1,RIVER,true,10
"2659973424   ","202900476714 ",17,amagan,"8h 8d",,,FLOP,RAISE,900,BET,1193,,,,,37,RIVER,true,11
"2659973424   ","202900476714 ",17,CjHardy128,"2d 2s",4252,,FLOP,CALL,900,CALL,371,,,,,4,RIVER,true,11
"2659973424   ","202900702148 ",24,Puzlick,"2d 2c",,,PRE_FLOP,RAISE,8343,,,,,,,21,RIVER,true,12
"2659973424   ","202900702148 ",24,PokerStar1951,"5d 3h",11760,,PRE_FLOP,CALL,3355,,,,,,,14,RIVER,true,12
"2659973424   ","202900720335 ",25,Puzlick,Ts 9c,6926,,FLOP,CHECK,0,BET,2538,,,,,7,RIVER,true,12
"2659973424   ","202900720335 ",25,vichonnieto.vr,Qh 9s,,,FLOP,CALL,400,CALL,2538,,,,,8,RIVER,true,12
"2659973424   ","202900740087 ",26,PokerStar1951,Jd Td,,,PRE_FLOP,RAISE,11650,,,,,,,23,RIVER,true,13
"2659973424   ","202900740087 ",26,vichonnieto.vr,"9h Ah",,,PRE_FLOP,CALL,258,,,,,,,1,RIVER,true,13
"2659973424   ","202900740087 ",26,felipecrb,Ad Ks,1564,,PRE_FLOP,CALL,11150,,,,,,,25,RIVER,true,13
"2659973424   ","202900751116 ",27,wmaduro,"9s Ac",6234,,PRE_FLOP,RAISE,8637,,,,,,,17,RIVER,true,13
"2659973424   ","202900751116 ",27,xxxjgqxxx,"6h 7h",10737,,PRE_FLOP,CALL,2939,,,,,,,7,RIVER,true,13
"2659973424   ","202900751116 ",27,Puzlick,Td 9h,,,PRE_FLOP,CALL,6056,,,,,,,13,RIVER,true,13
"2659973424   ","202900771891 ",28,xxxjgqxxx,Qs Qd,9164,,PRE_FLOP,RAISE,10677,,,,,,,21,RIVER,true,13
"2659973424   ","202900771891 ",28,amagan,Tc Th,9164,,PRE_FLOP,RAISE,8674,,,,,,,17,RIVER,true,13
"2659973424   ","202900793549 ",30,CjHardy128,As 2c,,,TURN,CALL,500,CALL,2540,CALL,1862,,,10,RIVER,true,13
"2659973424   ","202900793549 ",30,felipecrb,Ad Qc,11344,,TURN,CALL,500,BET,2540,BET,21696,,,50,RIVER,true,13
"2659973424   ","202900917733 ",38,b3rnardino,"8h 8s",,,PRE_FLOP,CALL,3018,,,,,,,24,RIVER,true,15
"2659973424   ","202900917733 ",38,FrançaW,Jh Jc,13731,,PRE_FLOP,RAISE,5258,,,,,,,8,RIVER,true,15
"2659973424   ","202900958786 ",41,amagan,"8h 8d",16994,,PRE_FLOP,RAISE,8149,,,,,,,12,RIVER,true,15
"2659973424   ","202900958786 ",41,"0cartoon0",Qs Ac,,,PRE_FLOP,CALL,7632,,,,,,,11,RIVER,true,15
"2659973424   ","202901044701 ",46,JRKB778,Jc Js,17974,,PRE_FLOP,CALL,6737,,,,,,,58,RIVER,true,16
"2659973424   ","202901044701 ",46,xxxjgqxxx,"3d 3c",,,PRE_FLOP,RAISE,7537,,,,,,,10,RIVER,true,16
"2659973424   ","202901069648 ",48,b3rnardino,"7c 7s",22352,,PRE_FLOP,RAISE,11677,,,,,,,12,RIVER,true,17
"2659973424   ","202901069648 ",48,FrançaW,Jh Ac,,,PRE_FLOP,CALL,9926,,,,,,,10,RIVER,true,17
"2659973424   ","202901093654 ",50,wmaduro,Kd Qd,,,PRE_FLOP,CALL,5175,,,,,,,6,RIVER,true,17
"2659973424   ","202901093654 ",50,Julianr12,Tc Ad,13350,,PRE_FLOP,RAISE,8342,,,,,,,8,RIVER,true,17
"2659980090   ","202779801597 ",1,Ochkono,"3c Ah",,,RIVER,RAISE,240,BET,480,BET,720,BET,22462,199,RIVER,true,7
"2659980090   ","202779801597 ",1,Aleks_Bear,As 8c,7611,,RIVER,CALL,240,CALL,480,CALL,720,CALL,2208,31,RIVER,true,7
"2659980090   ","202779826938 ",4,Aleks_Bear,"9h Tc",,,RIVER,RAISE,760,CALL,900,CALL,1500,BET,646,26,RIVER,true,8
"2659980090   ","202779826938 ",4,Ochkono,"6h Jh",7922,,RIVER,CALL,610,BET,900,BET,1500,CALL,646,160,RIVER,true,8
"2659980090   ","202779841431 ",6,dryunchik87,Kh Kd,13542,,TURN,RAISE,450,CALL,150,CALL,5261,,,44,RIVER,true,8
"2659980090   ","202779841431 ",6,"1shot1miss","9c Kc",,,TURN,CALL,300,BET,150,RAISE,8177,,,59,RIVER,true,8
"2659980090   ","202779852155 ",8,Vladumur@737,Jc Ac,14290,,TURN,CALL,300,BET,900,RAISE,4189,,,37,RIVER,true,8
"2659980090   ","202779852155 ",8,PJMeus,Ad Th,,,TURN,RAISE,375,CALL,900,BET,3260,,,30,RIVER,true,8
"2659980090   ","202779852155 ",8,dryunchik87,Ts Ah,,,TURN,CALL,375,CALL,900,CALL,929,,,92,RIVER,true,8
"2659980090   ","202779918419 ",9,Ochkono,As Ks,6033,,FLOP,CALL,1876,BET,26319,,,,,189,RIVER,true,8
"2659980090   ","202779918419 ",9,"1shot1miss",Ac 4c,,,PRE_FLOP,RAISE,1951,,,,,,,13,RIVER,true,8
"2659980090   ","202779961388 ",14,wmaduro,"8c 8s",825,,PRE_FLOP,RAISE,4205,,,,,,,21,PRE_FLOP,false,9
"2659980090   ","202779966043 ",15,FBI BR,"8c 7h",7391,,FLOP,CALL,600,RAISE,2789,,,,,31,RIVER,true,9
"2659980090   ","202779966043 ",15,DDDoc_22,Kc Ac,,,FLOP,RAISE,1000,CALL,1233,,,,,17,RIVER,true,9
"2659980090   ","202779980849 ",16,wmaduro,"5h As",865,,PRE_FLOP,RAISE,4775,,,,,,,19,PRE_FLOP,false,10
"2659980090   ","202780011663 ",20,wmaduro,Kd Kh,,,TURN,RAISE,500,CALL,1000,RAISE,3770,,,21,RIVER,true,10
"2659980090   ","202780011663 ",20,Ochkono,Qc Th,14435,,TURN,CALL,500,BET,1000,RAISE,28977,,,122,RIVER,true,10
"2659980092   ","202840811527 ",2,troks161,Ks Jh,5524,,RIVER,CALL,100,BET,280,CALL,453,BET,3088,120,RIVER,true,2
"2659980092   ","202840811527 ",2,Lomonte,"4h 8c",,,TURN,CALL,120,CALL,280,RAISE,1293,,,42,RIVER,true,2
"2659980092   ","202840864900 ",7,nikoroto,Jd Jc,,,TURN,RAISE,200,CALL,450,BET,3569,,,93,RIVER,true,3
"2659980092   ","202840864900 ",7,wmaduro,Qd Qc,9292,,TURN,CALL,150,RAISE,850,CALL,3569,,,99,RIVER,true,3
"2659980092   ","202840890707 ",10,Evgen 2786,Kh As,4867,,RIVER,RAISE,150,BET,180,BET,588,CALL,2466,79,RIVER,true,4
"2659980092   ","202840890707 ",10,bluenoser55,Td Ks,4867,,RIVER,CALL,90,CALL,180,CALL,588,RAISE,4074,83,RIVER,true,4
"2659980092   ","202840966165 ",14,troks161,"8c As",,,PRE_FLOP,RAISE,6315,,,,,,,79,RIVER,true,5
"2659980092   ","202840966165 ",14,dragon AA88,Ac Kd,6702,,PRE_FLOP,CALL,2196,,,,,,,40,RIVER,true,5
"2659980092   ","202840981057 ",16,N.Duun,As Ks,,,TURN,RAISE,400,BET,300,BET,12133,,,128,RIVER,true,6
"2659980092   ","202840981057 ",16,Torres cg-ms,"5d 5h",9232,,TURN,CALL,300,CALL,300,CALL,3768,,,45,RIVER,true,6
"2659980092   ","202840989873 ",17,cRaCkUsCALL,Jc Tc,,,FLOP,CALL,300,CALL,2762,,,,,50,RIVER,true,6
"2659980092   ","202840989873 ",17,Koreandurr,Ks Qd,10190,,FLOP,RAISE,400,RAISE,4566,,,,,50,RIVER,true,6
"2659980092   ","202840996977 ",18,cmynoprepou,Qh Jh,168,,PRE_FLOP,CALL,50,BET,189,BET,400,CALL,1222,39,RIVER,true,6
"2659980092   ","202840996977 ",18,cRaCkUsCALL,Ad Kd,,,PRE_FLOP,CALL,10,,,,,,,0,RIVER,true,6
"2659980092   ","202840996977 ",18,N.Duun,Td 9s,,,PRE_FLOP,CALL,100,CALL,189,CALL,400,BET,1222,83,RIVER,true,6
"2659980092   ","202841026351 ",20,Koreandurr,"9h 9c",,,PRE_FLOP,RAISE,10154,,,,,,,102,RIVER,true,6
"2659980092   ","202841026351 ",20,esaylov1987,Ad 5c,,,PRE_FLOP,CALL,3423,,,,,,,53,RIVER,true,6
"2659980092   ","202841026351 ",20,N.Duun,Qd Ah,16465,,PRE_FLOP,RAISE,5856,,,,,,,59,RIVER,true,6
"2659980092   ","202841080192 ",27,odesit57,Jc Jh,7374,,TURN,CALL,299,CALL,768,CALL,1991,,,28,RIVER,true,7
"2659980092   ","202841080192 ",27,N.Duun,"6c 6d",,,TURN,CALL,299,RAISE,888,RAISE,3512,,,147,RIVER,true,7
"2659980092   ","202841119229 ",30,N.Duun,"6s 5s",,,PRE_FLOP,RAISE,15413,,,,,,,103,RIVER,true,8
"2659980092   ","202841119229 ",30,Black-Scrat,Tc As,10515,,PRE_FLOP,CALL,4680,,,,,,,33,RIVER,true,8
"2659980092   ","202841251696 ",36,Koreandurr,Ts Tc,8693,,PRE_FLOP,CALL,3134,,,,,,,21,RIVER,true,9
"2659980092   ","202841251696 ",36,N.Duun,Qd Kd,,,PRE_FLOP,RAISE,12698,,,,,,,64,RIVER,true,9
"2659980092   ","202841282524 ",39,alexmax75,"7c 7d",7810,,PRE_FLOP,CALL,3270,,,,,,,15,RIVER,true,10
"2659980092   ","202841282524 ",39,odesit57,"2c As",,,PRE_FLOP,RAISE,5207,,,,,,,21,RIVER,true,10
"2659980092   ","202841310745 ",44,Pedhenber,As Ad,8121,,PRE_FLOP,RAISE,5722,,,,,,,19,RIVER,true,11
"2659980092   ","202841310745 ",44,odesit57,"3c Ac",,,PRE_FLOP,CALL,1687,,,,,,,8,RIVER,true,11
"2659980092   ","202841310745 ",44,N.Duun,"4d 5d",,,PRE_FLOP,CALL,5122,,,,,,,37,RIVER,true,11
"2659980092   ","202841318329 ",45,wmaduro,Qh As,,,PRE_FLOP,FOLD,0,,,,,,,22,RIVER,true,11
"2659980092   ","202841318329 ",45,N.Duun,"5h 2h",,,PRE_FLOP,CALL,4673,,,,,,,18,RIVER,true,11
"2659980092   ","202841318329 ",45,Torres cg-ms,Ks Kd,12273,,PRE_FLOP,RAISE,8879,,,,,,,30,RIVER,true,11
"2659980092   ","202841348209 ",49,Ioann0552,"5s Qd",,,TURN,CALL,150,CALL,300,CALL,770,,,5,RIVER,true,11
"2659980092   ","202841348209 ",49,tzovani555,Kd 7c,3100,,TURN,CHECK,0,BET,300,BET,1560,,,24,RIVER,true,11
"2659980092   ","202841369548 ",53,MRMAYHEM94,Td Ah,,,PRE_FLOP,RAISE,5521,,,,,,,14,RIVER,true,12
"2659980092   ","202841369548 ",53,tzovani555,As Qh,11892,,PRE_FLOP,CALL,4721,,,,,,,21,RIVER,true,12
"2659980092   ","202841375591 ",54,wmaduro,"6h Ac",,,FLOP,CALL,200,FOLD,0,,,,,12,RIVER,true,12
"2659980092   ","202841375591 ",54,alexmax75,Ks Td,,,FLOP,CHECK,0,CALL,3950,,,,,16,RIVER,true,12
"2659980092   ","202841375591 ",54,tzovani555,Kc Js,13900,,FLOP,CALL,400,RAISE,14411,,,,,37,RIVER,true,12
"2659980092   ","202841392325 ",56,wmaduro,"8c 8s",1400,,PRE_FLOP,RAISE,4257,,,,,,,11,PRE_FLOP,false,12
"2659980092   ","202841395743 ",57,Marcelombs,Ah 8h,6534,,PRE_FLOP,RAISE,2742,,,,,,,7,RIVER,true,12
"2659980092   ","202841395743 ",57,MikeLiv88,Ks Qs,,,PRE_FLOP,RAISE,6853,,,,,,,17,RIVER,true,12
"2659980092   ","202841411547 ",60,MikeLiv88,"3s 3h",8972,,PRE_FLOP,RAISE,3961,,,,,,,10,RIVER,true,12
"2659980092   ","202841411547 ",60,Pedhenber,"5h Ah",,,PRE_FLOP,RAISE,12651,,,,,,,32,RIVER,true,12
"2659980092   ","202841418719 ",62,Torres cg-ms,"9h 9c",,,PRE_FLOP,CALL,5048,,,,,,,44,RIVER,true,13
"2659980092   ","202841418719 ",62,Koreandurr,"6d 6h",13431,,PRE_FLOP,RAISE,6048,,,,,,,12,RIVER,true,13
"2659980092   ","202841444787 ",66,cmynoprepou,As Kd,,,PRE_FLOP,RAISE,2391,,,,,,,5,RIVER,true,13
"2659980092   ","202841444787 ",66,Torres cg-ms,Qd Qh,6367,,PRE_FLOP,RAISE,17782,,,,,,,36,RIVER,true,13
"2659980092   ","202841462518 ",70,MikeLiv88,"2s Kc",5125,,PRE_FLOP,CALL,1645,,,,,,,15,RIVER,true,13
"2659980092   ","202841462518 ",70,Mikitich,As Qd,,,PRE_FLOP,RAISE,2145,,,,,,,4,RIVER,true,13
"2659980092   ","202841468122 ",71,MikeLiv88,Jd Qd,22524,,FLOP,CALL,750,CALL,5502,,,,,21,RIVER,true,13
"2659980092   ","202841468122 ",71,Koreandurr,"5h As",,,FLOP,RAISE,1000,RAISE,11201,,,,,25,RIVER,true,13
"2659980092   ","202841477687 ",72,Pedhenber,As Kh,4748,,PRE_FLOP,RAISE,7665,,,,,,,13,RIVER,true,14
"2659980092   ","202841477687 ",72,Koreandurr,"6h 5s",,,PRE_FLOP,CALL,1624,,,,,,,3,RIVER,true,14
"2659980092   ","202841495109 ",74,Marcelombs,Qc Kc,,,PRE_FLOP,RAISE,8329,,,,,,,14,RIVER,true,14
"2659980092   ","202841495109 ",74,pokersito84,"4h 4d",7135,,PRE_FLOP,CALL,2780,,,,,,,5,RIVER,true,14
"2659980092   ","202841502493 ",75,Pedhenber,"7c Ad",17097,,PRE_FLOP,RAISE,9964,,,,,,,17,RIVER,true,14
"2659980092   ","202841502493 ",75,Marcelombs,"7h 7s",,,PRE_FLOP,CALL,4874,,,,,,,9,RIVER,true,14
"2659980092   ","202841502493 ",75,pokersito84,Jh Kh,,,PRE_FLOP,RAISE,7060,,,,,,,12,RIVER,true,14
"2659980092   ","202841510739 ",76,wmaduro,"3d 4c",2325,,FLOP,CHECK,0,BET,3032,,,,,6,FLOP,false,14
"2659980092   ","202841545739 ",81,MikeLiv88,"5s 5c",,,TURN,RAISE,1750,BET,3500,BET,14914,,,29,RIVER,true,15
"2659980092   ","202841545739 ",81,metsuri63,"6c 6h",38402,,TURN,CALL,1750,CALL,3500,CALL,12671,,,26,RIVER,true,15
"2659980092   ","202841562670 ",82,Pedhenber,Ac Jh,,,PRE_FLOP,CALL,1453,,,,,,,35,RIVER,true,15
"2659980092   ","202841562670 ",82,MikeLiv88,"8d Qh",6166,,PRE_FLOP,RAISE,2153,,,,,,,3,RIVER,true,15
"2659980092   ","202841582366 ",87,MikeLiv88,Tc As,11464,,PRE_FLOP,RAISE,5006,,,,,,,6,RIVER,true,16
"2659980092   ","202841582366 ",87,wmaduro,Qd Ks,,,PRE_FLOP,RAISE,4882,,,,,,,6,RIVER,true,16
"2659980310   ","202801700659 ",6,Goeldisimo12,As Kh,6165,,PRE_FLOP,CALL,2565,,,,,,,42,RIVER,true,7
"2659980310   ","202801700659 ",6,victorita17,"7s 7h",,,PRE_FLOP,RAISE,2925,,,,,,,25,RIVER,true,7
"2659980310   ","202801719859 ",7,Regdlbust,"7h 8h",9970,,RIVER,CALL,120,CALL,240,RAISE,1080,BET,3335,41,RIVER,true,7
"2659980310   ","202801719859 ",7,wmaduro,Qd Qc,,,RIVER,RAISE,240,BET,240,CALL,720,CALL,3335,42,RIVER,true,7
"2659980310   ","202801805597 ",9,wmaduro,Ts 9h,,,PRE_FLOP,CALL,95,,,,,,,1,RIVER,true,8
"2659980310   ","202801805597 ",9,Regdlbust,"9c Ah",540,,PRE_FLOP,RAISE,450,,,,,,,66,RIVER,true,8
"2659980312   ","202864505264 ",1,"234241234214432",Qc Qd,20959,,TURN,RAISE,550,BET,1250,BET,12500,,,85,RIVER,true,10
"2659980312   ","202864505264 ",1,mr.kralle,Js Jh,,,TURN,CALL,550,CALL,1250,CALL,8207,,,40,RIVER,true,10
"2659980312   ","202864537134 ",2,StorasSushis,Qh Ah,5510,,PRE_FLOP,RAISE,2510,,,,,,,10,RIVER,true,10
"2659980312   ","202864537134 ",2,"234241234214432",Jd Jc,,,PRE_FLOP,CALL,1960,,,,,,,129,RIVER,true,10
"2659980312   ","202864554674 ",3,zigo557,"4d Ad",,,PRE_FLOP,RAISE,3285,,,,,,,11,RIVER,true,11
"2659980312   ","202864554674 ",3,ladislav7710,As Td,,,PRE_FLOP,RAISE,4840,,,,,,,16,RIVER,true,11
"2659980312   ","202864554674 ",3,"234241234214432",Ac Kh,10215,,PRE_FLOP,CALL,4240,,,,,,,99,RIVER,true,11
"2659980312   ","202864614293 ",6,St.Hulk,"4s 9c",,,PRE_FLOP,RAISE,4840,,,,,,,16,RIVER,true,11
"2659980312   ","202864614293 ",6,StorasSushis,Kh Ac,10190,,PRE_FLOP,CALL,4240,,,,,,,18,RIVER,true,11
"2659980312   ","202864648671 ",8,"234241234214432","9c 9h",11654,,FLOP,RAISE,600,CALL,3661,,,,,133,RIVER,true,11
"2659980312   ","202864648671 ",8,bestminh14,"7h 7s",,,FLOP,CALL,600,RAISE,4522,,,,,17,RIVER,true,11
"2659980312   ","202864766805 ",12,mariovagner,"9d 9h",5906,,PRE_FLOP,RAISE,4341,,,,,,,11,RIVER,true,12
"2659980312   ","202864766805 ",12,fury2323,Qc Kd,,,PRE_FLOP,CALL,2428,,,,,,,6,RIVER,true,12
"2659980312   ","202864876326 ",16,wmaduro,Ac Qh,1835,,PRE_FLOP,RAISE,3430,,,,,,,7,PRE_FLOP,false,13
"2659980312   ","202864899687 ",17,williamn734,Ac Qs,10135,,PRE_FLOP,RAISE,4775,,,,,,,10,RIVER,true,13
"2659980312   ","202864899687 ",17,tjjuninho,Kh Qd,,,PRE_FLOP,CALL,4275,,,,,,,39,RIVER,true,13
"2659980312   ","202864918761 ",18,wmaduro,"9d Ac",,,PRE_FLOP,RAISE,4635,,,,,,,9,RIVER,true,13
"2659980312   ","202864918761 ",18,williamn734,Qh Qs,10105,,PRE_FLOP,CALL,3535,,,,,,,20,RIVER,true,13
"2659980823   ","202837257631 ",1,Loverboyhaha,"7d Kd",5300,,PRE_FLOP,RAISE,1800,,,,,,,28,RIVER,true,7
"2659980823   ","202837257631 ",1,catchyrec7,Kh 8c,,,PRE_FLOP,CALL,1720,,,,,,,3,RIVER,true,7
"2659980823   ","202837269752 ",2,emersound,"9d 7d",18090,,FLOP,CALL,800,RAISE,6685,,,,,11,RIVER,true,8
"2659980823   ","202837269752 ",2,AffeKatze,Jh Ah,,,FLOP,RAISE,1600,CALL,4285,,,,,28,RIVER,true,8
"2659980823   ","202837291082 ",4,wmaduro,"2d Jd",,,FLOP,CALL,400,FOLD,0,,,,,11,RIVER,true,8
"2659980823   ","202837291082 ",4,Xta C ifiwin,"4c 7s",,,FLOP,CHECK,0,BET,3570,,,,,6,RIVER,true,8
"2659980823   ","202837291082 ",4,AffeKatze,"7d Jh",10820,,FLOP,CALL,800,CALL,3570,,,,,18,RIVER,true,8
"2659980823   ","202837306515 ",5,Loverboyhaha,Qc Tc,,,PRE_FLOP,RAISE,19860,,,,,,,25,RIVER,true,8
"2659980823   ","202837306515 ",5,CMHenning,"9d Kh",20160,,PRE_FLOP,CALL,8720,,,,,,,12,RIVER,true,8
"2659980823   ","202837328020 ",7,HansAfta,"3s Ad",,,PRE_FLOP,CALL,3880,,,,,,,10,RIVER,true,9
"2659980823   ","202837328020 ",7,wmaduro,"5h 5c",11860,,PRE_FLOP,RAISE,4880,,,,,,,5,RIVER,true,9
"2659980823   ","202837351125 ",9,wmaduro,"8c 8s",17860,,PRE_FLOP,RAISE,11460,,,,,,,12,RIVER,true,9
"2659980823   ","202837351125 ",9,HansAfta,Ac Kc,,,PRE_FLOP,CALL,7380,,,,,,,8,RIVER,true,9
"2659980823   ","202837380078 ",11,wmaduro,"7d 5h",,,RIVER,CALL,600,CHECK,0,CHECK,0,FOLD,0,20,RIVER,false,10
"2659980823   ","202837458790 ",14,emersound,As Qc,11552,,PRE_FLOP,RAISE,3555,,,,,,,12,RIVER,true,11
"2659980823   ","202837458790 ",14,cam.l.toew,"8c 9c",,,PRE_FLOP,CALL,3296,,,,,,,2,RIVER,true,11
"2659980823   ","202837471529 ",15,CMHenning,Kd 6s,,,PRE_FLOP,RAISE,15760,,,,,,,10,RIVER,true,11
"2659980823   ","202837471529 ",15,AffeKatze,"3c 3h",33760,,PRE_FLOP,CALL,14160,,,,,,,12,RIVER,true,11
"2659980823   ","202837518153 ",19,wmaduro,"6d Qs",,,PRE_FLOP,FOLD,0,,,,,,,12,PRE_FLOP,false,12
"2659980823   ","202837541901 ",21,psychotie,"7s As",15520,,FLOP,CHECK,0,CALL,560,,,,,1,RIVER,true,13
"2659980823   ","202837541901 ",21,pedropiruka,Qs 9s,,,FLOP,CALL,3000,BET,7200,,,,,8,RIVER,true,13
"2659980823   ","202837561825 ",22,psychotie,Js Jd,,,PRE_FLOP,RAISE,14920,,,,,,,5,RIVER,true,13
"2659980823   ","202837561825 ",22,emersound,Kh Ks,37640,,PRE_FLOP,CALL,8920,,,,,,,7,RIVER,true,13
"2659980823   ","202837574396 ",23,riverman1314,"5h 4h",15340,,PRE_FLOP,CALL,1820,,,,,,,2,RIVER,true,13
"2659980823   ","202837574396 ",23,Loverboyhaha,Ad 3d,,,PRE_FLOP,RAISE,27320,,,,,,,9,RIVER,true,13
"2659980823   ","202837597941 ",25,DONALRO007,"5s Ac",,,PRE_FLOP,RAISE,9533,,,,,,,3,RIVER,true,14
"2659980823   ","202837597941 ",25,pedropiruka,Th Tc,30666,,PRE_FLOP,RAISE,12888,,,,,,,3,RIVER,true,14
"2659980823   ","202837607223 ",26,Loverboyhaha,Kh 6d,30880,,PRE_FLOP,CALL,7640,,,,,,,5,RIVER,true,14
